timestamp,level,service,module,customer_id,event,error_code,message
2026-01-01 02:08:49,INFO,vendefacil-pdv,pdv,CUST225,CAIXA_OPENED,PDV-101,Caixa terminal 01 aberto com sucesso pelo operador. [Cliente CUST225 - Empório Azevedo Me]
2026-01-01 03:50:22,INFO,vendefacil-pay,pay,CUST023,TEF_APPROVED,PAY-200,"Transação TEF aprovada. Cartão final **** 4321, bandeira Mastercard. [Cliente CUST023 - Rede Pacheco Eireli]"
2026-01-01 04:53:36,ERROR,vendefacil-estoque-sync,estoque,CUST123,SYNC_FAILED,STK-409,Conflito de versão na tabela de inventário entre filiais durante sync. [Cliente CUST123 - Centro de Santos Ltda]
2026-01-01 05:11:08,ERROR,vendefacil-pdv,pdv,CUST164,NFCe_SEFAZ_TIMEOUT,PDV-500,Timeout de 15000ms ao conectar com webservice da SEFAZ. Alternando para contingência offline. [Cliente CUST164 - Rede Camargo Ltda]
2026-01-01 05:29:44,ERROR,vendefacil-nfe-parser,estoque,CUST283,XML_PARSE_TIMEOUT,XML-500,Erro ao processar arquivo XML de NF-e: estouro de memória ou estrutura inválida. [Cliente CUST283 - Centro de Moreira Me]
2026-01-01 06:07:31,ERROR,vendefacil-estoque-sync,estoque,CUST164,SYNC_FAILED,STK-409,Conflito de versão na tabela de inventário entre filiais durante sync. [Cliente CUST164 - Rede Camargo Ltda]
2026-01-01 06:55:39,INFO,vendefacil-estoque-sync,estoque,CUST160,SYNC_COMPLETED,STK-200,Sincronização de estoque concluída para 450 SKUs em 1240ms. [Cliente CUST160 - Empório Câmara Ltda]
2026-01-01 13:45:35,INFO,vendefacil-estoque-sync,estoque,CUST300,SYNC_COMPLETED,STK-200,Sincronização de estoque concluída para 450 SKUs em 1240ms. [Cliente CUST300 - Lojas da Mata Me]
2026-01-01 18:10:52,ERROR,vendefacil-nfe-parser,estoque,CUST008,XML_PARSE_TIMEOUT,XML-500,Erro ao processar arquivo XML de NF-e: estouro de memória ou estrutura inválida. [Cliente CUST008 - Auto Peças Central]
2026-01-01 22:32:00,WARN,vendefacil-notifier,analytics,CUST267,SMTP_AUTH_ERROR,NOTIF-401,Falha de autenticação no servidor SMTP corporativo ao enviar relatório agendado. [Cliente CUST267 - Empório Aragão Comercial]
2026-01-02 06:51:57,ERROR,vendefacil-fiscal-sefaz,pdv,CUST213,SEFAZ_REJECTION,SEFAZ-539,Rejeição da SEFAZ estadual: Duplicidade de numeração de NFC-e transmitida. [Cliente CUST213 - Centro de Oliveira Comercial]
2026-01-02 09:06:06,ERROR,vendefacil-pdv,pdv,CUST217,NFCe_SEFAZ_TIMEOUT,PDV-500,Timeout de 15000ms ao conectar com webservice da SEFAZ. Alternando para contingência offline. [Cliente CUST217 - Distribuidora da Rocha Me]
2026-01-02 12:40:40,WARN,vendefacil-pay,pay,CUST120,PINPAD_DISCONNECTED,PAY-302,Pinpad desconectado da porta serial COM3. Reiniciando driver local. [Cliente CUST120 - Lojas Novaes Eireli]
2026-01-02 20:17:16,ERROR,vendefacil-nfe-parser,estoque,CUST131,XML_PARSE_TIMEOUT,XML-500,Erro ao processar arquivo XML de NF-e: estouro de memória ou estrutura inválida. [Cliente CUST131 - Atacado Rocha Comercial]
2026-01-03 07:13:00,WARN,vendefacil-notifier,analytics,CUST117,SMTP_AUTH_ERROR,NOTIF-401,Falha de autenticação no servidor SMTP corporativo ao enviar relatório agendado. [Cliente CUST117 - Casa do Guerra Ltda]
2026-01-03 10:16:15,ERROR,vendefacil-fiscal-sefaz,pdv,CUST007,SEFAZ_REJECTION,SEFAZ-539,Rejeição da SEFAZ estadual: Duplicidade de numeração de NFC-e transmitida. [Cliente CUST007 - PetShop Amigo Fiel]
2026-01-03 11:54:40,INFO,vendefacil-estoque-sync,estoque,CUST040,SYNC_COMPLETED,STK-200,Sincronização de estoque concluída para 450 SKUs em 1240ms. [Cliente CUST040 - Distribuidora Sá Eireli]
2026-01-03 12:06:55,ERROR,vendefacil-pdv,pdv,CUST290,NFCe_SEFAZ_TIMEOUT,PDV-500,Timeout de 15000ms ao conectar com webservice da SEFAZ. Alternando para contingência offline. [Cliente CUST290 - Casa do Garcia S.A.]
2026-01-03 18:54:36,ERROR,vendefacil-nfe-parser,estoque,CUST118,XML_PARSE_TIMEOUT,XML-500,Erro ao processar arquivo XML de NF-e: estouro de memória ou estrutura inválida. [Cliente CUST118 - Casa do Vargas Eireli]
2026-01-03 21:56:06,WARN,vendefacil-notifier,analytics,CUST131,SMTP_AUTH_ERROR,NOTIF-401,Falha de autenticação no servidor SMTP corporativo ao enviar relatório agendado. [Cliente CUST131 - Atacado Rocha Comercial]
2026-01-04 00:25:12,ERROR,vendefacil-estoque-sync,estoque,CUST093,SYNC_FAILED,STK-409,Conflito de versão na tabela de inventário entre filiais durante sync. [Cliente CUST093 - Distribuidora Alves Me]
2026-01-04 01:12:08,ERROR,vendefacil-pdv,pdv,CUST035,NFCe_SEFAZ_TIMEOUT,PDV-500,Timeout de 15000ms ao conectar com webservice da SEFAZ. Alternando para contingência offline. [Cliente CUST035 - Comércio de Rios Ltda]
2026-01-04 02:55:31,ERROR,vendefacil-estoque-sync,estoque,CUST236,SYNC_FAILED,STK-409,Conflito de versão na tabela de inventário entre filiais durante sync. [Cliente CUST236 - Empório Cassiano Comercial]
2026-01-04 03:32:41,WARN,vendefacil-estoque-sync,estoque,CUST084,LOCK_WAIT,STK-301,Aguardando liberação de lock na tabela `inventory_stock`... [Cliente CUST084 - Mundo da Câmara Me]
2026-01-04 13:29:06,ERROR,vendefacil-pdv,pdv,CUST191,NFCe_SEFAZ_TIMEOUT,PDV-500,Timeout de 15000ms ao conectar com webservice da SEFAZ. Alternando para contingência offline. [Cliente CUST191 - Distribuidora Rezende S.A.]
2026-01-04 16:42:12,WARN,vendefacil-pay,pay,CUST170,PINPAD_DISCONNECTED,PAY-302,Pinpad desconectado da porta serial COM3. Reiniciando driver local. [Cliente CUST170 - Lojas Ferreira Me]
2026-01-04 21:59:35,WARN,vendefacil-estoque-sync,estoque,CUST151,LOCK_WAIT,STK-301,Aguardando liberação de lock na tabela `inventory_stock`... [Cliente CUST151 - Lojas Souza Me]
2026-01-04 22:02:54,WARN,vendefacil-notifier,analytics,CUST052,SMTP_AUTH_ERROR,NOTIF-401,Falha de autenticação no servidor SMTP corporativo ao enviar relatório agendado. [Cliente CUST052 - Lojas Aragão Me]
2026-01-04 23:03:40,ERROR,vendefacil-pdv,pdv,CUST088,NFCe_SEFAZ_TIMEOUT,PDV-500,Timeout de 15000ms ao conectar com webservice da SEFAZ. Alternando para contingência offline. [Cliente CUST088 - Centro de Vargas Ltda]
2026-01-04 23:41:33,INFO,vendefacil-estoque-sync,estoque,CUST260,SYNC_COMPLETED,STK-200,Sincronização de estoque concluída para 450 SKUs em 1240ms. [Cliente CUST260 - Rede Carvalho Eireli]
2026-01-05 07:36:06,ERROR,vendefacil-fiscal-sefaz,pdv,CUST176,SEFAZ_REJECTION,SEFAZ-539,Rejeição da SEFAZ estadual: Duplicidade de numeração de NFC-e transmitida. [Cliente CUST176 - Mundo da Cunha Ltda]
2026-01-05 13:38:03,WARN,vendefacil-estoque-sync,estoque,CUST140,LOCK_WAIT,STK-301,Aguardando liberação de lock na tabela `inventory_stock`... [Cliente CUST140 - Atacado da Rocha Ltda]
2026-01-05 16:28:35,WARN,vendefacil-pdv,pdv,CUST197,PRINTER_OFFLINE,PDV-202,Impressora de cupons offline na porta USB001. Tentando reconexão... [Cliente CUST197 - Casa do Rios Ltda]
2026-01-06 04:01:55,INFO,vendefacil-pdv,pdv,CUST131,CAIXA_OPENED,PDV-101,Caixa terminal 01 aberto com sucesso pelo operador. [Cliente CUST131 - Atacado Rocha Comercial]
2026-01-06 05:05:01,ERROR,vendefacil-nfe-parser,estoque,CUST145,XML_PARSE_TIMEOUT,XML-500,Erro ao processar arquivo XML de NF-e: estouro de memória ou estrutura inválida. [Cliente CUST145 - Mundo da Souza Eireli]
2026-01-06 06:20:43,INFO,vendefacil-pay,pay,CUST221,TEF_APPROVED,PAY-200,"Transação TEF aprovada. Cartão final **** 4321, bandeira Mastercard. [Cliente CUST221 - Comércio de Pereira Eireli]"
2026-01-06 11:42:11,INFO,vendefacil-pay,pay,CUST081,TEF_APPROVED,PAY-200,"Transação TEF aprovada. Cartão final **** 4321, bandeira Mastercard. [Cliente CUST081 - Distribuidora Pastor Eireli]"
2026-01-06 13:30:31,WARN,vendefacil-notifier,analytics,CUST015,SMTP_AUTH_ERROR,NOTIF-401,Falha de autenticação no servidor SMTP corporativo ao enviar relatório agendado. [Cliente CUST015 - Atacado Cassiano Ltda]
2026-01-06 18:13:21,WARN,vendefacil-notifier,analytics,CUST077,SMTP_AUTH_ERROR,NOTIF-401,Falha de autenticação no servidor SMTP corporativo ao enviar relatório agendado. [Cliente CUST077 - Casa do Farias Comercial]
2026-01-06 22:30:07,ERROR,vendefacil-fiscal-sefaz,pdv,CUST119,SEFAZ_REJECTION,SEFAZ-539,Rejeição da SEFAZ estadual: Duplicidade de numeração de NFC-e transmitida. [Cliente CUST119 - Distribuidora Correia S.A.]
2026-01-07 16:39:36,INFO,vendefacil-pay,pay,CUST040,TEF_APPROVED,PAY-200,"Transação TEF aprovada. Cartão final **** 4321, bandeira Mastercard. [Cliente CUST040 - Distribuidora Sá Eireli]"
2026-01-07 17:13:33,ERROR,vendefacil-pay,pay,CUST175,TEF_TIMEOUT,PAY-504,Timeout de comunicação com Pinpad na porta 6090. Transação abortada. [Cliente CUST175 - Lojas Barros Comercial]
2026-01-07 21:58:12,WARN,vendefacil-pay,pay,CUST214,PINPAD_DISCONNECTED,PAY-302,Pinpad desconectado da porta serial COM3. Reiniciando driver local. [Cliente CUST214 - Casa do Melo Me]
2026-01-08 01:03:16,INFO,vendefacil-pdv,pdv,CUST133,CAIXA_OPENED,PDV-101,Caixa terminal 01 aberto com sucesso pelo operador. [Cliente CUST133 - Mundo da Santos S.A.]
2026-01-08 01:28:27,WARN,vendefacil-pdv,pdv,CUST191,PRINTER_OFFLINE,PDV-202,Impressora de cupons offline na porta USB001. Tentando reconexão... [Cliente CUST191 - Distribuidora Rezende S.A.]
2026-01-08 02:33:33,ERROR,vendefacil-pdv,pdv,CUST111,NFCe_SEFAZ_TIMEOUT,PDV-500,Timeout de 15000ms ao conectar com webservice da SEFAZ. Alternando para contingência offline. [Cliente CUST111 - Rede Vieira Eireli]
2026-01-08 21:40:04,ERROR,vendefacil-pdv,pdv,CUST098,NFCe_SEFAZ_TIMEOUT,PDV-500,Timeout de 15000ms ao conectar com webservice da SEFAZ. Alternando para contingência offline. [Cliente CUST098 - Mundo da Marques Me]
2026-01-08 23:45:06,ERROR,vendefacil-fiscal-sefaz,pdv,CUST027,SEFAZ_REJECTION,SEFAZ-539,Rejeição da SEFAZ estadual: Duplicidade de numeração de NFC-e transmitida. [Cliente CUST027 - Casa do Teixeira Ltda]
2026-01-09 02:18:01,INFO,vendefacil-estoque-sync,estoque,CUST185,SYNC_COMPLETED,STK-200,Sincronização de estoque concluída para 450 SKUs em 1240ms. [Cliente CUST185 - Centro de Siqueira Me]
2026-01-09 10:34:16,WARN,vendefacil-estoque-sync,estoque,CUST198,LOCK_WAIT,STK-301,Aguardando liberação de lock na tabela `inventory_stock`... [Cliente CUST198 - Distribuidora Cirino Comercial]
2026-01-09 10:53:37,WARN,vendefacil-pdv,pdv,CUST088,PRINTER_OFFLINE,PDV-202,Impressora de cupons offline na porta USB001. Tentando reconexão... [Cliente CUST088 - Centro de Vargas Ltda]
2026-01-09 11:06:06,INFO,vendefacil-pdv,pdv,CUST102,CAIXA_OPENED,PDV-101,Caixa terminal 01 aberto com sucesso pelo operador. [Cliente CUST102 - Rede Cardoso Me]
2026-01-09 21:53:10,WARN,vendefacil-notifier,analytics,CUST258,SMTP_AUTH_ERROR,NOTIF-401,Falha de autenticação no servidor SMTP corporativo ao enviar relatório agendado. [Cliente CUST258 - Mundo da Rodrigues S.A.]
2026-01-09 22:03:49,WARN,vendefacil-notifier,analytics,CUST069,SMTP_AUTH_ERROR,NOTIF-401,Falha de autenticação no servidor SMTP corporativo ao enviar relatório agendado. [Cliente CUST069 - Rede Casa Grande Comercial]
2026-01-10 08:42:21,WARN,vendefacil-notifier,analytics,CUST015,SMTP_AUTH_ERROR,NOTIF-401,Falha de autenticação no servidor SMTP corporativo ao enviar relatório agendado. [Cliente CUST015 - Atacado Cassiano Ltda]
2026-01-10 11:37:06,INFO,vendefacil-pdv,pdv,CUST126,CAIXA_OPENED,PDV-101,Caixa terminal 01 aberto com sucesso pelo operador. [Cliente CUST126 - Casa do Machado Ltda]
2026-01-10 17:19:12,INFO,vendefacil-pdv,pdv,CUST181,CAIXA_OPENED,PDV-101,Caixa terminal 01 aberto com sucesso pelo operador. [Cliente CUST181 - Centro de Guerra S.A.]
2026-01-10 20:30:17,WARN,vendefacil-notifier,analytics,CUST121,SMTP_AUTH_ERROR,NOTIF-401,Falha de autenticação no servidor SMTP corporativo ao enviar relatório agendado. [Cliente CUST121 - Casa do Pereira Ltda]
2026-01-11 00:53:08,WARN,vendefacil-estoque-sync,estoque,CUST275,LOCK_WAIT,STK-301,Aguardando liberação de lock na tabela `inventory_stock`... [Cliente CUST275 - Mundo da Duarte S.A.]
2026-01-11 01:49:55,WARN,vendefacil-estoque-sync,estoque,CUST147,LOCK_WAIT,STK-301,Aguardando liberação de lock na tabela `inventory_stock`... [Cliente CUST147 - Mercado Rocha Comercial]
2026-01-11 05:15:25,WARN,vendefacil-pdv,pdv,CUST040,PRINTER_OFFLINE,PDV-202,Impressora de cupons offline na porta USB001. Tentando reconexão... [Cliente CUST040 - Distribuidora Sá Eireli]
2026-01-11 05:29:43,INFO,vendefacil-pay,pay,CUST204,TEF_APPROVED,PAY-200,"Transação TEF aprovada. Cartão final **** 4321, bandeira Mastercard. [Cliente CUST204 - Empório Costa Me]"
2026-01-11 10:26:56,INFO,vendefacil-pdv,pdv,CUST053,CAIXA_OPENED,PDV-101,Caixa terminal 01 aberto com sucesso pelo operador. [Cliente CUST053 - Comércio de da Luz Me]
2026-01-11 11:22:31,WARN,vendefacil-notifier,analytics,CUST057,SMTP_AUTH_ERROR,NOTIF-401,Falha de autenticação no servidor SMTP corporativo ao enviar relatório agendado. [Cliente CUST057 - Mercado Cavalcanti Me]
2026-01-11 15:31:40,INFO,vendefacil-estoque-sync,estoque,CUST259,SYNC_COMPLETED,STK-200,Sincronização de estoque concluída para 450 SKUs em 1240ms. [Cliente CUST259 - Atacado Cassiano Eireli]
2026-01-11 18:14:42,WARN,vendefacil-estoque-sync,estoque,CUST259,LOCK_WAIT,STK-301,Aguardando liberação de lock na tabela `inventory_stock`... [Cliente CUST259 - Atacado Cassiano Eireli]
2026-01-11 20:17:14,WARN,vendefacil-pdv,pdv,CUST113,PRINTER_OFFLINE,PDV-202,Impressora de cupons offline na porta USB001. Tentando reconexão... [Cliente CUST113 - Mercado Duarte Eireli]
2026-01-11 23:10:07,ERROR,vendefacil-pay,pay,CUST057,TEF_TIMEOUT,PAY-504,Timeout de comunicação com Pinpad na porta 6090. Transação abortada. [Cliente CUST057 - Mercado Cavalcanti Me]
2026-01-12 00:37:45,ERROR,vendefacil-nfe-parser,estoque,CUST060,XML_PARSE_TIMEOUT,XML-500,Erro ao processar arquivo XML de NF-e: estouro de memória ou estrutura inválida. [Cliente CUST060 - Comércio de Moraes Me]
2026-01-12 02:10:46,WARN,vendefacil-notifier,analytics,CUST200,SMTP_AUTH_ERROR,NOTIF-401,Falha de autenticação no servidor SMTP corporativo ao enviar relatório agendado. [Cliente CUST200 - Mercado Garcia Eireli]
2026-01-12 11:33:16,ERROR,vendefacil-estoque-sync,estoque,CUST292,SYNC_FAILED,STK-409,Conflito de versão na tabela de inventário entre filiais durante sync. [Cliente CUST292 - Comércio de Brito S.A.]
2026-01-12 16:42:58,ERROR,vendefacil-pay,pay,CUST267,TEF_TIMEOUT,PAY-504,Timeout de comunicação com Pinpad na porta 6090. Transação abortada. [Cliente CUST267 - Empório Aragão Comercial]
2026-01-12 22:38:56,ERROR,vendefacil-nfe-parser,estoque,CUST057,XML_PARSE_TIMEOUT,XML-500,Erro ao processar arquivo XML de NF-e: estouro de memória ou estrutura inválida. [Cliente CUST057 - Mercado Cavalcanti Me]
2026-01-13 01:37:59,ERROR,vendefacil-nfe-parser,estoque,CUST032,XML_PARSE_TIMEOUT,XML-500,Erro ao processar arquivo XML de NF-e: estouro de memória ou estrutura inválida. [Cliente CUST032 - Centro de Rios Comercial]
2026-01-13 12:21:55,WARN,vendefacil-notifier,analytics,CUST043,SMTP_AUTH_ERROR,NOTIF-401,Falha de autenticação no servidor SMTP corporativo ao enviar relatório agendado. [Cliente CUST043 - Atacado Sousa Eireli]
2026-01-13 13:09:56,ERROR,vendefacil-nfe-parser,estoque,CUST174,XML_PARSE_TIMEOUT,XML-500,Erro ao processar arquivo XML de NF-e: estouro de memória ou estrutura inválida. [Cliente CUST174 - Casa do Freitas Ltda]
2026-01-13 16:26:59,ERROR,vendefacil-pay,pay,CUST012,TEF_TIMEOUT,PAY-504,Timeout de comunicação com Pinpad na porta 6090. Transação abortada. [Cliente CUST012 - Rede Sousa Ltda]
2026-01-13 16:52:53,WARN,vendefacil-pdv,pdv,CUST160,PRINTER_OFFLINE,PDV-202,Impressora de cupons offline na porta USB001. Tentando reconexão... [Cliente CUST160 - Empório Câmara Ltda]
2026-01-13 22:46:10,INFO,vendefacil-pay,pay,CUST014,TEF_APPROVED,PAY-200,"Transação TEF aprovada. Cartão final **** 4321, bandeira Mastercard. [Cliente CUST014 - Comércio de Machado Me]"
2026-01-14 03:18:25,WARN,vendefacil-estoque-sync,estoque,CUST137,LOCK_WAIT,STK-301,Aguardando liberação de lock na tabela `inventory_stock`... [Cliente CUST137 - Empório Rios Comercial]
2026-01-14 19:22:16,ERROR,vendefacil-nfe-parser,estoque,CUST028,XML_PARSE_TIMEOUT,XML-500,Erro ao processar arquivo XML de NF-e: estouro de memória ou estrutura inválida. [Cliente CUST028 - Atacado Freitas Comercial]
2026-01-15 00:25:44,WARN,vendefacil-estoque-sync,estoque,CUST165,LOCK_WAIT,STK-301,Aguardando liberação de lock na tabela `inventory_stock`... [Cliente CUST165 - Mercado Guerra S.A.]
2026-01-15 06:37:00,ERROR,vendefacil-nfe-parser,estoque,CUST053,XML_PARSE_TIMEOUT,XML-500,Erro ao processar arquivo XML de NF-e: estouro de memória ou estrutura inválida. [Cliente CUST053 - Comércio de da Luz Me]
2026-01-15 07:13:46,WARN,vendefacil-estoque-sync,estoque,CUST149,LOCK_WAIT,STK-301,Aguardando liberação de lock na tabela `inventory_stock`... [Cliente CUST149 - Atacado Jesus Eireli]
2026-01-15 07:49:44,ERROR,vendefacil-pdv,pdv,CUST185,NFCe_SEFAZ_TIMEOUT,PDV-500,Timeout de 15000ms ao conectar com webservice da SEFAZ. Alternando para contingência offline. [Cliente CUST185 - Centro de Siqueira Me]
2026-01-15 19:30:53,INFO,vendefacil-pdv,pdv,CUST067,CAIXA_OPENED,PDV-101,Caixa terminal 01 aberto com sucesso pelo operador. [Cliente CUST067 - Distribuidora Pereira Me]
2026-01-16 06:16:16,WARN,vendefacil-pay,pay,CUST224,PINPAD_DISCONNECTED,PAY-302,Pinpad desconectado da porta serial COM3. Reiniciando driver local. [Cliente CUST224 - Empório Moraes Ltda]
2026-01-16 07:25:41,ERROR,vendefacil-pdv,pdv,CUST018,NFCe_SEFAZ_TIMEOUT,PDV-500,Timeout de 15000ms ao conectar com webservice da SEFAZ. Alternando para contingência offline. [Cliente CUST018 - Empório Barros S.A.]
2026-01-16 12:41:38,WARN,vendefacil-pdv,pdv,CUST081,PRINTER_OFFLINE,PDV-202,Impressora de cupons offline na porta USB001. Tentando reconexão... [Cliente CUST081 - Distribuidora Pastor Eireli]
2026-01-16 14:42:35,WARN,vendefacil-pay,pay,CUST058,PINPAD_DISCONNECTED,PAY-302,Pinpad desconectado da porta serial COM3. Reiniciando driver local. [Cliente CUST058 - Empório Melo Comercial]
2026-01-16 16:08:09,ERROR,vendefacil-estoque-sync,estoque,CUST039,SYNC_FAILED,STK-409,Conflito de versão na tabela de inventário entre filiais durante sync. [Cliente CUST039 - Comércio de da Cruz S.A.]
2026-01-16 17:44:24,INFO,vendefacil-pay,pay,CUST168,TEF_APPROVED,PAY-200,"Transação TEF aprovada. Cartão final **** 4321, bandeira Mastercard. [Cliente CUST168 - Centro de Campos Me]"
2026-01-16 17:52:00,WARN,vendefacil-pay,pay,CUST259,PINPAD_DISCONNECTED,PAY-302,Pinpad desconectado da porta serial COM3. Reiniciando driver local. [Cliente CUST259 - Atacado Cassiano Eireli]
2026-01-16 20:46:14,WARN,vendefacil-pay,pay,CUST009,PINPAD_DISCONNECTED,PAY-302,Pinpad desconectado da porta serial COM3. Reiniciando driver local. [Cliente CUST009 - Empório Gourmet Mineiro]
2026-01-16 21:02:48,ERROR,vendefacil-fiscal-sefaz,pdv,CUST046,SEFAZ_REJECTION,SEFAZ-539,Rejeição da SEFAZ estadual: Duplicidade de numeração de NFC-e transmitida. [Cliente CUST046 - Comércio de Ribeiro Eireli]
2026-01-16 22:12:28,ERROR,vendefacil-fiscal-sefaz,pdv,CUST022,SEFAZ_REJECTION,SEFAZ-539,Rejeição da SEFAZ estadual: Duplicidade de numeração de NFC-e transmitida. [Cliente CUST022 - Mundo da Monteiro Eireli]
2026-01-17 04:26:25,ERROR,vendefacil-fiscal-sefaz,pdv,CUST148,SEFAZ_REJECTION,SEFAZ-539,Rejeição da SEFAZ estadual: Duplicidade de numeração de NFC-e transmitida. [Cliente CUST148 - Comércio de Pinto Comercial]
2026-01-17 05:08:00,ERROR,vendefacil-pdv,pdv,CUST227,NFCe_SEFAZ_TIMEOUT,PDV-500,Timeout de 15000ms ao conectar com webservice da SEFAZ. Alternando para contingência offline. [Cliente CUST227 - Lojas Fonseca Eireli]
2026-01-17 06:13:20,WARN,vendefacil-notifier,analytics,CUST111,SMTP_AUTH_ERROR,NOTIF-401,Falha de autenticação no servidor SMTP corporativo ao enviar relatório agendado. [Cliente CUST111 - Rede Vieira Eireli]
2026-01-17 07:26:51,ERROR,vendefacil-fiscal-sefaz,pdv,CUST197,SEFAZ_REJECTION,SEFAZ-539,Rejeição da SEFAZ estadual: Duplicidade de numeração de NFC-e transmitida. [Cliente CUST197 - Casa do Rios Ltda]
2026-01-17 09:20:50,ERROR,vendefacil-pay,pay,CUST203,TEF_TIMEOUT,PAY-504,Timeout de comunicação com Pinpad na porta 6090. Transação abortada. [Cliente CUST203 - Atacado Oliveira Me]
2026-01-17 13:08:45,WARN,vendefacil-pay,pay,CUST258,PINPAD_DISCONNECTED,PAY-302,Pinpad desconectado da porta serial COM3. Reiniciando driver local. [Cliente CUST258 - Mundo da Rodrigues S.A.]
2026-01-17 13:22:10,WARN,vendefacil-pdv,pdv,CUST088,PRINTER_OFFLINE,PDV-202,Impressora de cupons offline na porta USB001. Tentando reconexão... [Cliente CUST088 - Centro de Vargas Ltda]
2026-01-17 15:13:17,INFO,vendefacil-estoque-sync,estoque,CUST206,SYNC_COMPLETED,STK-200,Sincronização de estoque concluída para 450 SKUs em 1240ms. [Cliente CUST206 - Centro de Casa Grande Ltda]
2026-01-17 15:23:04,ERROR,vendefacil-pdv,pdv,CUST235,NFCe_SEFAZ_TIMEOUT,PDV-500,Timeout de 15000ms ao conectar com webservice da SEFAZ. Alternando para contingência offline. [Cliente CUST235 - Empório Porto Comercial]
2026-01-17 15:39:42,WARN,vendefacil-pay,pay,CUST286,PINPAD_DISCONNECTED,PAY-302,Pinpad desconectado da porta serial COM3. Reiniciando driver local. [Cliente CUST286 - Casa do Lima S.A.]
2026-01-17 18:18:30,ERROR,vendefacil-pdv,pdv,CUST058,NFCe_SEFAZ_TIMEOUT,PDV-500,Timeout de 15000ms ao conectar com webservice da SEFAZ. Alternando para contingência offline. [Cliente CUST058 - Empório Melo Comercial]
2026-01-17 22:03:59,INFO,vendefacil-estoque-sync,estoque,CUST028,SYNC_COMPLETED,STK-200,Sincronização de estoque concluída para 450 SKUs em 1240ms. [Cliente CUST028 - Atacado Freitas Comercial]
2026-01-18 05:26:57,INFO,vendefacil-pdv,pdv,CUST284,CAIXA_OPENED,PDV-101,Caixa terminal 01 aberto com sucesso pelo operador. [Cliente CUST284 - Centro de Machado S.A.]
2026-01-18 06:38:59,ERROR,vendefacil-estoque-sync,estoque,CUST110,SYNC_FAILED,STK-409,Conflito de versão na tabela de inventário entre filiais durante sync. [Cliente CUST110 - Mundo da Camargo Comercial]
2026-01-18 10:18:29,ERROR,vendefacil-pdv,pdv,CUST004,NFCe_SEFAZ_TIMEOUT,PDV-500,Timeout de 15000ms ao conectar com webservice da SEFAZ. Alternando para contingência offline. [Cliente CUST004 - Boutique Moda Elegante]
2026-01-18 10:24:02,ERROR,vendefacil-pdv,pdv,CUST267,NFCe_SEFAZ_TIMEOUT,PDV-500,Timeout de 15000ms ao conectar com webservice da SEFAZ. Alternando para contingência offline. [Cliente CUST267 - Empório Aragão Comercial]
2026-01-18 10:34:20,WARN,vendefacil-notifier,analytics,CUST154,SMTP_AUTH_ERROR,NOTIF-401,Falha de autenticação no servidor SMTP corporativo ao enviar relatório agendado. [Cliente CUST154 - Mundo da Borges Me]
2026-01-18 13:08:49,ERROR,vendefacil-estoque-sync,estoque,CUST280,SYNC_FAILED,STK-409,Conflito de versão na tabela de inventário entre filiais durante sync. [Cliente CUST280 - Centro de Souza Me]
2026-01-18 18:15:48,INFO,vendefacil-pdv,pdv,CUST058,CAIXA_OPENED,PDV-101,Caixa terminal 01 aberto com sucesso pelo operador. [Cliente CUST058 - Empório Melo Comercial]
2026-01-19 02:17:11,ERROR,vendefacil-pdv,pdv,CUST273,NFCe_SEFAZ_TIMEOUT,PDV-500,Timeout de 15000ms ao conectar com webservice da SEFAZ. Alternando para contingência offline. [Cliente CUST273 - Rede Camargo Eireli]
2026-01-19 03:30:49,WARN,vendefacil-notifier,analytics,CUST180,SMTP_AUTH_ERROR,NOTIF-401,Falha de autenticação no servidor SMTP corporativo ao enviar relatório agendado. [Cliente CUST180 - Rede Gonçalves Eireli]
2026-01-19 04:18:56,WARN,vendefacil-estoque-sync,estoque,CUST027,LOCK_WAIT,STK-301,Aguardando liberação de lock na tabela `inventory_stock`... [Cliente CUST027 - Casa do Teixeira Ltda]
2026-01-19 04:26:07,INFO,vendefacil-pay,pay,CUST248,TEF_APPROVED,PAY-200,"Transação TEF aprovada. Cartão final **** 4321, bandeira Mastercard. [Cliente CUST248 - Distribuidora Pacheco Eireli]"
2026-01-19 07:27:06,WARN,vendefacil-notifier,analytics,CUST128,SMTP_AUTH_ERROR,NOTIF-401,Falha de autenticação no servidor SMTP corporativo ao enviar relatório agendado. [Cliente CUST128 - Atacado Melo Comercial]
2026-01-19 09:47:31,ERROR,vendefacil-pdv,pdv,CUST166,NFCe_SEFAZ_TIMEOUT,PDV-500,Timeout de 15000ms ao conectar com webservice da SEFAZ. Alternando para contingência offline. [Cliente CUST166 - Mercado Rodrigues S.A.]
2026-01-19 15:43:12,ERROR,vendefacil-nfe-parser,estoque,CUST070,XML_PARSE_TIMEOUT,XML-500,Erro ao processar arquivo XML de NF-e: estouro de memória ou estrutura inválida. [Cliente CUST070 - Rede Pires Comercial]
2026-01-19 18:22:09,ERROR,vendefacil-pdv,pdv,CUST033,NFCe_SEFAZ_TIMEOUT,PDV-500,Timeout de 15000ms ao conectar com webservice da SEFAZ. Alternando para contingência offline. [Cliente CUST033 - Mundo da Almeida Me]
2026-01-19 22:17:08,ERROR,vendefacil-pdv,pdv,CUST112,NFCe_SEFAZ_TIMEOUT,PDV-500,Timeout de 15000ms ao conectar com webservice da SEFAZ. Alternando para contingência offline. [Cliente CUST112 - Comércio de Montenegro S.A.]
2026-01-19 22:56:53,ERROR,vendefacil-pay,pay,CUST208,TEF_TIMEOUT,PAY-504,Timeout de comunicação com Pinpad na porta 6090. Transação abortada. [Cliente CUST208 - Distribuidora Alves Comercial]
2026-01-20 03:56:36,INFO,vendefacil-pdv,pdv,CUST185,CAIXA_OPENED,PDV-101,Caixa terminal 01 aberto com sucesso pelo operador. [Cliente CUST185 - Centro de Siqueira Me]
2026-01-20 17:55:23,WARN,vendefacil-pdv,pdv,CUST157,PRINTER_OFFLINE,PDV-202,Impressora de cupons offline na porta USB001. Tentando reconexão... [Cliente CUST157 - Comércio de Camargo Comercial]
2026-01-20 21:26:25,WARN,vendefacil-pdv,pdv,CUST092,PRINTER_OFFLINE,PDV-202,Impressora de cupons offline na porta USB001. Tentando reconexão... [Cliente CUST092 - Mundo da da Cruz Eireli]
2026-01-20 22:40:17,ERROR,vendefacil-estoque-sync,estoque,CUST191,SYNC_FAILED,STK-409,Conflito de versão na tabela de inventário entre filiais durante sync. [Cliente CUST191 - Distribuidora Rezende S.A.]
2026-01-20 23:29:25,ERROR,vendefacil-fiscal-sefaz,pdv,CUST043,SEFAZ_REJECTION,SEFAZ-539,Rejeição da SEFAZ estadual: Duplicidade de numeração de NFC-e transmitida. [Cliente CUST043 - Atacado Sousa Eireli]
2026-01-21 04:44:19,ERROR,vendefacil-estoque-sync,estoque,CUST030,SYNC_FAILED,STK-409,Conflito de versão na tabela de inventário entre filiais durante sync. [Cliente CUST030 - Atacado Mendonça S.A.]
2026-01-21 06:56:53,ERROR,vendefacil-fiscal-sefaz,pdv,CUST274,SEFAZ_REJECTION,SEFAZ-539,Rejeição da SEFAZ estadual: Duplicidade de numeração de NFC-e transmitida. [Cliente CUST274 - Lojas Fernandes S.A.]
2026-01-21 15:18:47,INFO,vendefacil-pay,pay,CUST176,TEF_APPROVED,PAY-200,"Transação TEF aprovada. Cartão final **** 4321, bandeira Mastercard. [Cliente CUST176 - Mundo da Cunha Ltda]"
2026-01-21 20:53:37,ERROR,vendefacil-nfe-parser,estoque,CUST098,XML_PARSE_TIMEOUT,XML-500,Erro ao processar arquivo XML de NF-e: estouro de memória ou estrutura inválida. [Cliente CUST098 - Mundo da Marques Me]
2026-01-22 15:15:00,INFO,vendefacil-pdv,pdv,CUST244,CAIXA_OPENED,PDV-101,Caixa terminal 01 aberto com sucesso pelo operador. [Cliente CUST244 - Atacado Moraes S.A.]
2026-01-22 22:01:48,INFO,vendefacil-estoque-sync,estoque,CUST171,SYNC_COMPLETED,STK-200,Sincronização de estoque concluída para 450 SKUs em 1240ms. [Cliente CUST171 - Rede Novais Eireli]
2026-01-23 02:56:52,ERROR,vendefacil-pay,pay,CUST277,TEF_TIMEOUT,PAY-504,Timeout de comunicação com Pinpad na porta 6090. Transação abortada. [Cliente CUST277 - Centro de Silveira Me]
2026-01-23 13:16:52,ERROR,vendefacil-estoque-sync,estoque,CUST262,SYNC_FAILED,STK-409,Conflito de versão na tabela de inventário entre filiais durante sync. [Cliente CUST262 - Mundo da da Cruz Comercial]
2026-01-23 13:48:27,ERROR,vendefacil-nfe-parser,estoque,CUST286,XML_PARSE_TIMEOUT,XML-500,Erro ao processar arquivo XML de NF-e: estouro de memória ou estrutura inválida. [Cliente CUST286 - Casa do Lima S.A.]
2026-01-23 14:11:42,WARN,vendefacil-pay,pay,CUST032,PINPAD_DISCONNECTED,PAY-302,Pinpad desconectado da porta serial COM3. Reiniciando driver local. [Cliente CUST032 - Centro de Rios Comercial]
2026-01-23 21:16:06,ERROR,vendefacil-pay,pay,CUST243,TEF_TIMEOUT,PAY-504,Timeout de comunicação com Pinpad na porta 6090. Transação abortada. [Cliente CUST243 - Distribuidora Pereira Me]
2026-01-23 22:31:16,WARN,vendefacil-pdv,pdv,CUST281,PRINTER_OFFLINE,PDV-202,Impressora de cupons offline na porta USB001. Tentando reconexão... [Cliente CUST281 - Mundo da Rodrigues Me]
2026-01-24 08:10:44,INFO,vendefacil-pay,pay,CUST192,TEF_APPROVED,PAY-200,"Transação TEF aprovada. Cartão final **** 4321, bandeira Mastercard. [Cliente CUST192 - Empório Fernandes S.A.]"
2026-01-24 08:18:46,INFO,vendefacil-pdv,pdv,CUST079,CAIXA_OPENED,PDV-101,Caixa terminal 01 aberto com sucesso pelo operador. [Cliente CUST079 - Comércio de Nascimento Me]
2026-01-24 12:42:21,ERROR,vendefacil-nfe-parser,estoque,CUST212,XML_PARSE_TIMEOUT,XML-500,Erro ao processar arquivo XML de NF-e: estouro de memória ou estrutura inválida. [Cliente CUST212 - Casa do Moraes S.A.]
2026-01-24 12:46:25,WARN,vendefacil-pay,pay,CUST227,PINPAD_DISCONNECTED,PAY-302,Pinpad desconectado da porta serial COM3. Reiniciando driver local. [Cliente CUST227 - Lojas Fonseca Eireli]
2026-01-24 17:30:28,INFO,vendefacil-pdv,pdv,CUST094,CAIXA_OPENED,PDV-101,Caixa terminal 01 aberto com sucesso pelo operador. [Cliente CUST094 - Empório da Mota Ltda]
2026-01-24 22:16:34,ERROR,vendefacil-fiscal-sefaz,pdv,CUST042,SEFAZ_REJECTION,SEFAZ-539,Rejeição da SEFAZ estadual: Duplicidade de numeração de NFC-e transmitida. [Cliente CUST042 - Mercado Siqueira S.A.]
2026-01-24 22:49:53,WARN,vendefacil-pay,pay,CUST087,PINPAD_DISCONNECTED,PAY-302,Pinpad desconectado da porta serial COM3. Reiniciando driver local. [Cliente CUST087 - Empório Oliveira Me]
2026-01-25 02:57:29,ERROR,vendefacil-fiscal-sefaz,pdv,CUST233,SEFAZ_REJECTION,SEFAZ-539,Rejeição da SEFAZ estadual: Duplicidade de numeração de NFC-e transmitida. [Cliente CUST233 - Centro de das Neves Me]
2026-01-25 06:04:42,ERROR,vendefacil-fiscal-sefaz,pdv,CUST155,SEFAZ_REJECTION,SEFAZ-539,Rejeição da SEFAZ estadual: Duplicidade de numeração de NFC-e transmitida. [Cliente CUST155 - Empório Costela Comercial]
2026-01-25 07:42:54,WARN,vendefacil-pay,pay,CUST259,PINPAD_DISCONNECTED,PAY-302,Pinpad desconectado da porta serial COM3. Reiniciando driver local. [Cliente CUST259 - Atacado Cassiano Eireli]
2026-01-25 07:53:38,ERROR,vendefacil-pdv,pdv,CUST140,NFCe_SEFAZ_TIMEOUT,PDV-500,Timeout de 15000ms ao conectar com webservice da SEFAZ. Alternando para contingência offline. [Cliente CUST140 - Atacado da Rocha Ltda]
2026-01-25 10:26:45,WARN,vendefacil-pay,pay,CUST089,PINPAD_DISCONNECTED,PAY-302,Pinpad desconectado da porta serial COM3. Reiniciando driver local. [Cliente CUST089 - Mercado Montenegro S.A.]
2026-01-25 11:13:10,INFO,vendefacil-estoque-sync,estoque,CUST249,SYNC_COMPLETED,STK-200,Sincronização de estoque concluída para 450 SKUs em 1240ms. [Cliente CUST249 - Lojas Nascimento Eireli]
2026-01-25 23:16:10,ERROR,vendefacil-pay,pay,CUST123,TEF_TIMEOUT,PAY-504,Timeout de comunicação com Pinpad na porta 6090. Transação abortada. [Cliente CUST123 - Centro de Santos Ltda]
2026-01-26 10:02:44,INFO,vendefacil-pdv,pdv,CUST060,CAIXA_OPENED,PDV-101,Caixa terminal 01 aberto com sucesso pelo operador. [Cliente CUST060 - Comércio de Moraes Me]
2026-01-26 11:02:09,INFO,vendefacil-pdv,pdv,CUST287,CAIXA_OPENED,PDV-101,Caixa terminal 01 aberto com sucesso pelo operador. [Cliente CUST287 - Rede Cirino S.A.]
2026-01-26 13:54:33,INFO,vendefacil-estoque-sync,estoque,CUST105,SYNC_COMPLETED,STK-200,Sincronização de estoque concluída para 450 SKUs em 1240ms. [Cliente CUST105 - Centro de Campos Comercial]
2026-01-26 17:48:56,WARN,vendefacil-pay,pay,CUST174,PINPAD_DISCONNECTED,PAY-302,Pinpad desconectado da porta serial COM3. Reiniciando driver local. [Cliente CUST174 - Casa do Freitas Ltda]
2026-01-26 20:37:39,WARN,vendefacil-estoque-sync,estoque,CUST142,LOCK_WAIT,STK-301,Aguardando liberação de lock na tabela `inventory_stock`... [Cliente CUST142 - Rede Sá S.A.]
2026-01-27 00:08:52,ERROR,vendefacil-nfe-parser,estoque,CUST098,XML_PARSE_TIMEOUT,XML-500,Erro ao processar arquivo XML de NF-e: estouro de memória ou estrutura inválida. [Cliente CUST098 - Mundo da Marques Me]
2026-01-27 02:00:08,INFO,vendefacil-pdv,pdv,CUST037,CAIXA_OPENED,PDV-101,Caixa terminal 01 aberto com sucesso pelo operador. [Cliente CUST037 - Mundo da Jesus S.A.]
2026-01-27 03:17:34,ERROR,vendefacil-pay,pay,CUST174,TEF_TIMEOUT,PAY-504,Timeout de comunicação com Pinpad na porta 6090. Transação abortada. [Cliente CUST174 - Casa do Freitas Ltda]
2026-01-27 04:24:53,WARN,vendefacil-pdv,pdv,CUST143,PRINTER_OFFLINE,PDV-202,Impressora de cupons offline na porta USB001. Tentando reconexão... [Cliente CUST143 - Mercado Cardoso Eireli]
2026-01-27 05:32:27,INFO,vendefacil-estoque-sync,estoque,CUST126,SYNC_COMPLETED,STK-200,Sincronização de estoque concluída para 450 SKUs em 1240ms. [Cliente CUST126 - Casa do Machado Ltda]
2026-01-27 07:45:15,ERROR,vendefacil-pdv,pdv,CUST012,NFCe_SEFAZ_TIMEOUT,PDV-500,Timeout de 15000ms ao conectar com webservice da SEFAZ. Alternando para contingência offline. [Cliente CUST012 - Rede Sousa Ltda]
2026-01-27 08:40:45,INFO,vendefacil-pdv,pdv,CUST202,CAIXA_OPENED,PDV-101,Caixa terminal 01 aberto com sucesso pelo operador. [Cliente CUST202 - Empório da Paz Comercial]
2026-01-27 19:49:19,WARN,vendefacil-notifier,analytics,CUST299,SMTP_AUTH_ERROR,NOTIF-401,Falha de autenticação no servidor SMTP corporativo ao enviar relatório agendado. [Cliente CUST299 - Distribuidora da Cunha Comercial]
2026-01-27 20:06:17,ERROR,vendefacil-estoque-sync,estoque,CUST081,SYNC_FAILED,STK-409,Conflito de versão na tabela de inventário entre filiais durante sync. [Cliente CUST081 - Distribuidora Pastor Eireli]
2026-01-28 06:48:18,WARN,vendefacil-pdv,pdv,CUST268,PRINTER_OFFLINE,PDV-202,Impressora de cupons offline na porta USB001. Tentando reconexão... [Cliente CUST268 - Mercado Melo Ltda]
2026-01-28 07:48:16,INFO,vendefacil-pay,pay,CUST226,TEF_APPROVED,PAY-200,"Transação TEF aprovada. Cartão final **** 4321, bandeira Mastercard. [Cliente CUST226 - Distribuidora Machado Comercial]"
2026-01-28 11:30:46,ERROR,vendefacil-pay,pay,CUST104,TEF_TIMEOUT,PAY-504,Timeout de comunicação com Pinpad na porta 6090. Transação abortada. [Cliente CUST104 - Centro de Mendonça S.A.]
2026-01-28 17:36:39,WARN,vendefacil-pdv,pdv,CUST216,PRINTER_OFFLINE,PDV-202,Impressora de cupons offline na porta USB001. Tentando reconexão... [Cliente CUST216 - Casa do Cavalcanti Me]
2026-01-28 18:14:10,INFO,vendefacil-pdv,pdv,CUST035,CAIXA_OPENED,PDV-101,Caixa terminal 01 aberto com sucesso pelo operador. [Cliente CUST035 - Comércio de Rios Ltda]
2026-01-28 23:43:32,ERROR,vendefacil-fiscal-sefaz,pdv,CUST199,SEFAZ_REJECTION,SEFAZ-539,Rejeição da SEFAZ estadual: Duplicidade de numeração de NFC-e transmitida. [Cliente CUST199 - Mercado da Rocha Eireli]
2026-01-29 04:46:25,ERROR,vendefacil-estoque-sync,estoque,CUST283,SYNC_FAILED,STK-409,Conflito de versão na tabela de inventário entre filiais durante sync. [Cliente CUST283 - Centro de Moreira Me]
2026-01-29 08:07:08,ERROR,vendefacil-pay,pay,CUST192,TEF_TIMEOUT,PAY-504,Timeout de comunicação com Pinpad na porta 6090. Transação abortada. [Cliente CUST192 - Empório Fernandes S.A.]
2026-01-29 10:48:15,ERROR,vendefacil-nfe-parser,estoque,CUST136,XML_PARSE_TIMEOUT,XML-500,Erro ao processar arquivo XML de NF-e: estouro de memória ou estrutura inválida. [Cliente CUST136 - Lojas Rodrigues Ltda]
2026-01-29 16:13:52,WARN,vendefacil-notifier,analytics,CUST281,SMTP_AUTH_ERROR,NOTIF-401,Falha de autenticação no servidor SMTP corporativo ao enviar relatório agendado. [Cliente CUST281 - Mundo da Rodrigues Me]
2026-01-30 00:14:35,ERROR,vendefacil-estoque-sync,estoque,CUST179,SYNC_FAILED,STK-409,Conflito de versão na tabela de inventário entre filiais durante sync. [Cliente CUST179 - Lojas Souza Me]
2026-01-30 00:24:32,ERROR,vendefacil-nfe-parser,estoque,CUST294,XML_PARSE_TIMEOUT,XML-500,Erro ao processar arquivo XML de NF-e: estouro de memória ou estrutura inválida. [Cliente CUST294 - Casa do da Rocha Me]
2026-01-30 09:41:20,INFO,vendefacil-pdv,pdv,CUST092,CAIXA_OPENED,PDV-101,Caixa terminal 01 aberto com sucesso pelo operador. [Cliente CUST092 - Mundo da da Cruz Eireli]
2026-01-30 10:24:42,ERROR,vendefacil-estoque-sync,estoque,CUST087,SYNC_FAILED,STK-409,Conflito de versão na tabela de inventário entre filiais durante sync. [Cliente CUST087 - Empório Oliveira Me]
2026-01-30 15:28:44,ERROR,vendefacil-estoque-sync,estoque,CUST118,SYNC_FAILED,STK-409,Conflito de versão na tabela de inventário entre filiais durante sync. [Cliente CUST118 - Casa do Vargas Eireli]
2026-01-30 21:28:19,WARN,vendefacil-notifier,analytics,CUST013,SMTP_AUTH_ERROR,NOTIF-401,Falha de autenticação no servidor SMTP corporativo ao enviar relatório agendado. [Cliente CUST013 - Casa do Montenegro Comercial]
2026-01-30 22:28:19,ERROR,vendefacil-nfe-parser,estoque,CUST271,XML_PARSE_TIMEOUT,XML-500,Erro ao processar arquivo XML de NF-e: estouro de memória ou estrutura inválida. [Cliente CUST271 - Casa do Viana Ltda]
2026-01-30 23:48:23,ERROR,vendefacil-pdv,pdv,CUST151,NFCe_SEFAZ_TIMEOUT,PDV-500,Timeout de 15000ms ao conectar com webservice da SEFAZ. Alternando para contingência offline. [Cliente CUST151 - Lojas Souza Me]
2026-01-31 01:12:50,WARN,vendefacil-notifier,analytics,CUST229,SMTP_AUTH_ERROR,NOTIF-401,Falha de autenticação no servidor SMTP corporativo ao enviar relatório agendado. [Cliente CUST229 - Atacado da Paz Comercial]
2026-01-31 05:02:11,WARN,vendefacil-pay,pay,CUST194,PINPAD_DISCONNECTED,PAY-302,Pinpad desconectado da porta serial COM3. Reiniciando driver local. [Cliente CUST194 - Rede Rocha S.A.]
2026-01-31 05:26:32,ERROR,vendefacil-estoque-sync,estoque,CUST036,SYNC_FAILED,STK-409,Conflito de versão na tabela de inventário entre filiais durante sync. [Cliente CUST036 - Comércio de Viana Comercial]
2026-01-31 06:44:23,INFO,vendefacil-pdv,pdv,CUST241,CAIXA_OPENED,PDV-101,Caixa terminal 01 aberto com sucesso pelo operador. [Cliente CUST241 - Atacado Pires Me]
2026-01-31 13:31:57,INFO,vendefacil-pdv,pdv,CUST206,CAIXA_OPENED,PDV-101,Caixa terminal 01 aberto com sucesso pelo operador. [Cliente CUST206 - Centro de Casa Grande Ltda]
2026-01-31 13:46:20,ERROR,vendefacil-fiscal-sefaz,pdv,CUST267,SEFAZ_REJECTION,SEFAZ-539,Rejeição da SEFAZ estadual: Duplicidade de numeração de NFC-e transmitida. [Cliente CUST267 - Empório Aragão Comercial]
2026-01-31 16:31:48,INFO,vendefacil-pdv,pdv,CUST238,CAIXA_OPENED,PDV-101,Caixa terminal 01 aberto com sucesso pelo operador. [Cliente CUST238 - Rede da Rosa Ltda]
2026-02-01 01:14:56,WARN,vendefacil-notifier,analytics,CUST055,SMTP_AUTH_ERROR,NOTIF-401,Falha de autenticação no servidor SMTP corporativo ao enviar relatório agendado. [Cliente CUST055 - Atacado Aparecida S.A.]
2026-02-01 05:29:58,ERROR,vendefacil-estoque-sync,estoque,CUST120,SYNC_FAILED,STK-409,Conflito de versão na tabela de inventário entre filiais durante sync. [Cliente CUST120 - Lojas Novaes Eireli]
2026-02-01 09:07:50,WARN,vendefacil-notifier,analytics,CUST105,SMTP_AUTH_ERROR,NOTIF-401,Falha de autenticação no servidor SMTP corporativo ao enviar relatório agendado. [Cliente CUST105 - Centro de Campos Comercial]
2026-02-01 12:25:16,ERROR,vendefacil-fiscal-sefaz,pdv,CUST252,SEFAZ_REJECTION,SEFAZ-539,Rejeição da SEFAZ estadual: Duplicidade de numeração de NFC-e transmitida. [Cliente CUST252 - Lojas Brito Comercial]
2026-02-01 17:09:27,INFO,vendefacil-pdv,pdv,CUST249,CAIXA_OPENED,PDV-101,Caixa terminal 01 aberto com sucesso pelo operador. [Cliente CUST249 - Lojas Nascimento Eireli]
2026-02-01 18:24:41,INFO,vendefacil-pay,pay,CUST291,TEF_APPROVED,PAY-200,"Transação TEF aprovada. Cartão final **** 4321, bandeira Mastercard. [Cliente CUST291 - Casa do Teixeira Me]"
2026-02-02 01:33:25,WARN,vendefacil-notifier,analytics,CUST080,SMTP_AUTH_ERROR,NOTIF-401,Falha de autenticação no servidor SMTP corporativo ao enviar relatório agendado. [Cliente CUST080 - Centro de Gomes Ltda]
2026-02-02 03:31:59,INFO,vendefacil-pay,pay,CUST157,TEF_APPROVED,PAY-200,"Transação TEF aprovada. Cartão final **** 4321, bandeira Mastercard. [Cliente CUST157 - Comércio de Camargo Comercial]"
2026-02-02 08:09:44,ERROR,vendefacil-estoque-sync,estoque,CUST050,SYNC_FAILED,STK-409,Conflito de versão na tabela de inventário entre filiais durante sync. [Cliente CUST050 - Empório Novaes Ltda]
2026-02-02 09:35:57,WARN,vendefacil-notifier,analytics,CUST127,SMTP_AUTH_ERROR,NOTIF-401,Falha de autenticação no servidor SMTP corporativo ao enviar relatório agendado. [Cliente CUST127 - Mundo da Duarte Ltda]
2026-02-02 13:13:53,WARN,vendefacil-pdv,pdv,CUST141,PRINTER_OFFLINE,PDV-202,Impressora de cupons offline na porta USB001. Tentando reconexão... [Cliente CUST141 - Comércio de Vasconcelos Comercial]
2026-02-02 23:20:07,INFO,vendefacil-estoque-sync,estoque,CUST025,SYNC_COMPLETED,STK-200,Sincronização de estoque concluída para 450 SKUs em 1240ms. [Cliente CUST025 - Rede Garcia Ltda]
2026-02-03 02:35:16,INFO,vendefacil-pdv,pdv,CUST122,CAIXA_OPENED,PDV-101,Caixa terminal 01 aberto com sucesso pelo operador. [Cliente CUST122 - Lojas Câmara Me]
2026-02-03 05:04:34,INFO,vendefacil-estoque-sync,estoque,CUST214,SYNC_COMPLETED,STK-200,Sincronização de estoque concluída para 450 SKUs em 1240ms. [Cliente CUST214 - Casa do Melo Me]
2026-02-03 11:37:14,WARN,vendefacil-pay,pay,CUST087,PINPAD_DISCONNECTED,PAY-302,Pinpad desconectado da porta serial COM3. Reiniciando driver local. [Cliente CUST087 - Empório Oliveira Me]
2026-02-03 21:59:38,ERROR,vendefacil-fiscal-sefaz,pdv,CUST196,SEFAZ_REJECTION,SEFAZ-539,Rejeição da SEFAZ estadual: Duplicidade de numeração de NFC-e transmitida. [Cliente CUST196 - Casa do Rezende Me]
2026-02-04 09:16:08,INFO,vendefacil-pdv,pdv,CUST262,CAIXA_OPENED,PDV-101,Caixa terminal 01 aberto com sucesso pelo operador. [Cliente CUST262 - Mundo da da Cruz Comercial]
2026-02-04 16:23:51,INFO,vendefacil-pay,pay,CUST109,TEF_APPROVED,PAY-200,"Transação TEF aprovada. Cartão final **** 4321, bandeira Mastercard. [Cliente CUST109 - Mercado da Paz S.A.]"
2026-02-04 18:43:55,WARN,vendefacil-estoque-sync,estoque,CUST104,LOCK_WAIT,STK-301,Aguardando liberação de lock na tabela `inventory_stock`... [Cliente CUST104 - Centro de Mendonça S.A.]
2026-02-05 01:12:22,ERROR,vendefacil-pdv,pdv,CUST006,NFCe_SEFAZ_TIMEOUT,PDV-500,Timeout de 15000ms ao conectar com webservice da SEFAZ. Alternando para contingência offline. [Cliente CUST006 - Livraria Saber & Arte]
2026-02-05 07:44:39,ERROR,vendefacil-nfe-parser,estoque,CUST051,XML_PARSE_TIMEOUT,XML-500,Erro ao processar arquivo XML de NF-e: estouro de memória ou estrutura inválida. [Cliente CUST051 - Atacado da Paz Comercial]
2026-02-05 07:53:39,ERROR,vendefacil-nfe-parser,estoque,CUST021,XML_PARSE_TIMEOUT,XML-500,Erro ao processar arquivo XML de NF-e: estouro de memória ou estrutura inválida. [Cliente CUST021 - Mundo da Dias Me]
2026-02-05 11:37:33,WARN,vendefacil-pay,pay,CUST276,PINPAD_DISCONNECTED,PAY-302,Pinpad desconectado da porta serial COM3. Reiniciando driver local. [Cliente CUST276 - Comércio de Abreu Comercial]
2026-02-05 18:51:46,WARN,vendefacil-pdv,pdv,CUST134,PRINTER_OFFLINE,PDV-202,Impressora de cupons offline na porta USB001. Tentando reconexão... [Cliente CUST134 - Mundo da Vieira Eireli]
2026-02-06 10:05:01,ERROR,vendefacil-nfe-parser,estoque,CUST247,XML_PARSE_TIMEOUT,XML-500,Erro ao processar arquivo XML de NF-e: estouro de memória ou estrutura inválida. [Cliente CUST247 - Casa do das Neves Comercial]
2026-02-06 11:23:59,ERROR,vendefacil-pdv,pdv,CUST270,NFCe_SEFAZ_TIMEOUT,PDV-500,Timeout de 15000ms ao conectar com webservice da SEFAZ. Alternando para contingência offline. [Cliente CUST270 - Atacado Oliveira Comercial]
2026-02-06 13:20:45,INFO,vendefacil-pdv,pdv,CUST074,CAIXA_OPENED,PDV-101,Caixa terminal 01 aberto com sucesso pelo operador. [Cliente CUST074 - Mundo da Sá Eireli]
2026-02-06 15:55:05,WARN,vendefacil-notifier,analytics,CUST014,SMTP_AUTH_ERROR,NOTIF-401,Falha de autenticação no servidor SMTP corporativo ao enviar relatório agendado. [Cliente CUST014 - Comércio de Machado Me]
2026-02-06 17:48:07,ERROR,vendefacil-pay,pay,CUST025,TEF_TIMEOUT,PAY-504,Timeout de comunicação com Pinpad na porta 6090. Transação abortada. [Cliente CUST025 - Rede Garcia Ltda]
2026-02-06 18:07:16,ERROR,vendefacil-fiscal-sefaz,pdv,CUST154,SEFAZ_REJECTION,SEFAZ-539,Rejeição da SEFAZ estadual: Duplicidade de numeração de NFC-e transmitida. [Cliente CUST154 - Mundo da Borges Me]
2026-02-06 20:44:27,ERROR,vendefacil-pdv,pdv,CUST071,NFCe_SEFAZ_TIMEOUT,PDV-500,Timeout de 15000ms ao conectar com webservice da SEFAZ. Alternando para contingência offline. [Cliente CUST071 - Casa do Sales S.A.]
2026-02-06 22:29:18,ERROR,vendefacil-pdv,pdv,CUST058,NFCe_SEFAZ_TIMEOUT,PDV-500,Timeout de 15000ms ao conectar com webservice da SEFAZ. Alternando para contingência offline. [Cliente CUST058 - Empório Melo Comercial]
2026-02-07 01:42:07,INFO,vendefacil-pdv,pdv,CUST072,CAIXA_OPENED,PDV-101,Caixa terminal 01 aberto com sucesso pelo operador. [Cliente CUST072 - Distribuidora Novais S.A.]
2026-02-07 07:00:06,ERROR,vendefacil-estoque-sync,estoque,CUST043,SYNC_FAILED,STK-409,Conflito de versão na tabela de inventário entre filiais durante sync. [Cliente CUST043 - Atacado Sousa Eireli]
2026-02-07 07:40:16,WARN,vendefacil-notifier,analytics,CUST231,SMTP_AUTH_ERROR,NOTIF-401,Falha de autenticação no servidor SMTP corporativo ao enviar relatório agendado. [Cliente CUST231 - Mundo da Castro Eireli]
2026-02-07 10:24:36,INFO,vendefacil-pdv,pdv,CUST040,CAIXA_OPENED,PDV-101,Caixa terminal 01 aberto com sucesso pelo operador. [Cliente CUST040 - Distribuidora Sá Eireli]
2026-02-07 10:52:48,ERROR,vendefacil-nfe-parser,estoque,CUST019,XML_PARSE_TIMEOUT,XML-500,Erro ao processar arquivo XML de NF-e: estouro de memória ou estrutura inválida. [Cliente CUST019 - Distribuidora Fogaça Comercial]
2026-02-07 11:42:33,ERROR,vendefacil-pay,pay,CUST282,TEF_TIMEOUT,PAY-504,Timeout de comunicação com Pinpad na porta 6090. Transação abortada. [Cliente CUST282 - Casa do Camargo Me]
2026-02-07 19:24:50,WARN,vendefacil-estoque-sync,estoque,CUST067,LOCK_WAIT,STK-301,Aguardando liberação de lock na tabela `inventory_stock`... [Cliente CUST067 - Distribuidora Pereira Me]
2026-02-07 23:21:14,INFO,vendefacil-pdv,pdv,CUST284,CAIXA_OPENED,PDV-101,Caixa terminal 01 aberto com sucesso pelo operador. [Cliente CUST284 - Centro de Machado S.A.]
2026-02-08 02:01:26,ERROR,vendefacil-pdv,pdv,CUST132,NFCe_SEFAZ_TIMEOUT,PDV-500,Timeout de 15000ms ao conectar com webservice da SEFAZ. Alternando para contingência offline. [Cliente CUST132 - Centro de Azevedo Comercial]
2026-02-08 03:03:54,ERROR,vendefacil-fiscal-sefaz,pdv,CUST231,SEFAZ_REJECTION,SEFAZ-539,Rejeição da SEFAZ estadual: Duplicidade de numeração de NFC-e transmitida. [Cliente CUST231 - Mundo da Castro Eireli]
2026-02-08 03:16:50,WARN,vendefacil-estoque-sync,estoque,CUST240,LOCK_WAIT,STK-301,Aguardando liberação de lock na tabela `inventory_stock`... [Cliente CUST240 - Distribuidora Vargas Ltda]
2026-02-08 08:21:55,INFO,vendefacil-estoque-sync,estoque,CUST125,SYNC_COMPLETED,STK-200,Sincronização de estoque concluída para 450 SKUs em 1240ms. [Cliente CUST125 - Casa do Viana Eireli]
2026-02-08 08:30:52,INFO,vendefacil-pdv,pdv,CUST063,CAIXA_OPENED,PDV-101,Caixa terminal 01 aberto com sucesso pelo operador. [Cliente CUST063 - Centro de Nascimento Me]
2026-02-08 13:01:24,INFO,vendefacil-estoque-sync,estoque,CUST260,SYNC_COMPLETED,STK-200,Sincronização de estoque concluída para 450 SKUs em 1240ms. [Cliente CUST260 - Rede Carvalho Eireli]
2026-02-08 15:06:35,ERROR,vendefacil-pdv,pdv,CUST012,NFCe_SEFAZ_TIMEOUT,PDV-500,Timeout de 15000ms ao conectar com webservice da SEFAZ. Alternando para contingência offline. [Cliente CUST012 - Rede Sousa Ltda]
2026-02-08 17:23:41,ERROR,vendefacil-fiscal-sefaz,pdv,CUST164,SEFAZ_REJECTION,SEFAZ-539,Rejeição da SEFAZ estadual: Duplicidade de numeração de NFC-e transmitida. [Cliente CUST164 - Rede Camargo Ltda]
2026-02-08 17:35:10,ERROR,vendefacil-fiscal-sefaz,pdv,CUST006,SEFAZ_REJECTION,SEFAZ-539,Rejeicao 539: Duplicidade de NFC-e com diferenca nos dados transmitidos. Chave: 35260267890123456789650010000012011002304910.
2026-02-08 17:59:02,WARN,vendefacil-estoque-sync,estoque,CUST290,LOCK_WAIT,STK-301,Aguardando liberação de lock na tabela `inventory_stock`... [Cliente CUST290 - Casa do Garcia S.A.]
2026-02-09 06:33:28,ERROR,vendefacil-pdv,pdv,CUST129,NFCe_SEFAZ_TIMEOUT,PDV-500,Timeout de 15000ms ao conectar com webservice da SEFAZ. Alternando para contingência offline. [Cliente CUST129 - Centro de Macedo S.A.]
2026-02-09 08:19:37,ERROR,vendefacil-fiscal-sefaz,pdv,CUST233,SEFAZ_REJECTION,SEFAZ-539,Rejeição da SEFAZ estadual: Duplicidade de numeração de NFC-e transmitida. [Cliente CUST233 - Centro de das Neves Me]
2026-02-10 06:40:19,WARN,vendefacil-estoque-sync,estoque,CUST074,LOCK_WAIT,STK-301,Aguardando liberação de lock na tabela `inventory_stock`... [Cliente CUST074 - Mundo da Sá Eireli]
2026-02-10 08:11:41,ERROR,vendefacil-nfe-parser,estoque,CUST124,XML_PARSE_TIMEOUT,XML-500,Erro ao processar arquivo XML de NF-e: estouro de memória ou estrutura inválida. [Cliente CUST124 - Mundo da Correia Comercial]
2026-02-10 08:25:25,ERROR,vendefacil-estoque-sync,estoque,CUST091,SYNC_FAILED,STK-409,Conflito de versão na tabela de inventário entre filiais durante sync. [Cliente CUST091 - Rede Nascimento Ltda]
2026-02-10 08:28:26,ERROR,vendefacil-nfe-parser,estoque,CUST278,XML_PARSE_TIMEOUT,XML-500,Erro ao processar arquivo XML de NF-e: estouro de memória ou estrutura inválida. [Cliente CUST278 - Atacado Campos Comercial]
2026-02-10 09:32:01,ERROR,vendefacil-estoque-sync,estoque,CUST001,SYNC_FAILED,STK-409,Conflict during inventory sync between store STR-001 (Matriz BH) and STR-002 (Savassi). Lock on table `inventory_stock` timed out after 30000ms.
2026-02-10 10:04:04,WARN,vendefacil-notifier,analytics,CUST284,SMTP_AUTH_ERROR,NOTIF-401,Falha de autenticação no servidor SMTP corporativo ao enviar relatório agendado. [Cliente CUST284 - Centro de Machado S.A.]
2026-02-10 11:53:07,WARN,vendefacil-notifier,analytics,CUST166,SMTP_AUTH_ERROR,NOTIF-401,Falha de autenticação no servidor SMTP corporativo ao enviar relatório agendado. [Cliente CUST166 - Mercado Rodrigues S.A.]
2026-02-10 12:13:03,ERROR,vendefacil-pdv,pdv,CUST146,NFCe_SEFAZ_TIMEOUT,PDV-500,Timeout de 15000ms ao conectar com webservice da SEFAZ. Alternando para contingência offline. [Cliente CUST146 - Atacado Fonseca Ltda]
2026-02-10 17:42:56,ERROR,vendefacil-pay,pay,CUST285,TEF_TIMEOUT,PAY-504,Timeout de comunicação com Pinpad na porta 6090. Transação abortada. [Cliente CUST285 - Distribuidora Martins S.A.]
2026-02-11 01:58:58,WARN,vendefacil-notifier,analytics,CUST274,SMTP_AUTH_ERROR,NOTIF-401,Falha de autenticação no servidor SMTP corporativo ao enviar relatório agendado. [Cliente CUST274 - Lojas Fernandes S.A.]
2026-02-11 02:52:15,INFO,vendefacil-pdv,pdv,CUST117,CAIXA_OPENED,PDV-101,Caixa terminal 01 aberto com sucesso pelo operador. [Cliente CUST117 - Casa do Guerra Ltda]
2026-02-11 04:17:13,WARN,vendefacil-pdv,pdv,CUST211,PRINTER_OFFLINE,PDV-202,Impressora de cupons offline na porta USB001. Tentando reconexão... [Cliente CUST211 - Rede Aragão Me]
2026-02-11 05:43:02,ERROR,vendefacil-estoque-sync,estoque,CUST005,SYNC_FAILED,STK-409,Conflito de versão na tabela de inventário entre filiais durante sync. [Cliente CUST005 - Materiais de Construção Silva]
2026-02-11 07:34:05,ERROR,vendefacil-fiscal-sefaz,pdv,CUST197,SEFAZ_REJECTION,SEFAZ-539,Rejeição da SEFAZ estadual: Duplicidade de numeração de NFC-e transmitida. [Cliente CUST197 - Casa do Rios Ltda]
2026-02-11 11:23:45,WARN,vendefacil-estoque-sync,estoque,CUST015,LOCK_WAIT,STK-301,Aguardando liberação de lock na tabela `inventory_stock`... [Cliente CUST015 - Atacado Cassiano Ltda]
2026-02-11 23:00:59,WARN,vendefacil-estoque-sync,estoque,CUST009,LOCK_WAIT,STK-301,Aguardando liberação de lock na tabela `inventory_stock`... [Cliente CUST009 - Empório Gourmet Mineiro]
2026-02-11 23:21:21,WARN,vendefacil-estoque-sync,estoque,CUST087,LOCK_WAIT,STK-301,Aguardando liberação de lock na tabela `inventory_stock`... [Cliente CUST087 - Empório Oliveira Me]
2026-02-11 23:56:07,WARN,vendefacil-estoque-sync,estoque,CUST153,LOCK_WAIT,STK-301,Aguardando liberação de lock na tabela `inventory_stock`... [Cliente CUST153 - Atacado Freitas Comercial]
2026-02-12 04:34:16,INFO,vendefacil-pay,pay,CUST228,TEF_APPROVED,PAY-200,"Transação TEF aprovada. Cartão final **** 4321, bandeira Mastercard. [Cliente CUST228 - Casa do Moreira Ltda]"
2026-02-12 06:28:11,WARN,vendefacil-pay,pay,CUST156,PINPAD_DISCONNECTED,PAY-302,Pinpad desconectado da porta serial COM3. Reiniciando driver local. [Cliente CUST156 - Mundo da Viana Ltda]
2026-02-12 12:04:46,WARN,vendefacil-pdv,pdv,CUST137,PRINTER_OFFLINE,PDV-202,Impressora de cupons offline na porta USB001. Tentando reconexão... [Cliente CUST137 - Empório Rios Comercial]
2026-02-12 16:21:44,ERROR,vendefacil-nfe-parser,estoque,CUST005,XML_PARSE_TIMEOUT,XML-500,Memory limit exceeded while parsing NF-e XML with 240 items. Max execution time 60s reached.
2026-02-12 17:07:07,ERROR,vendefacil-pay,pay,CUST181,TEF_TIMEOUT,PAY-504,Timeout de comunicação com Pinpad na porta 6090. Transação abortada. [Cliente CUST181 - Centro de Guerra S.A.]
2026-02-12 19:26:04,ERROR,vendefacil-pdv,pdv,CUST130,NFCe_SEFAZ_TIMEOUT,PDV-500,Timeout de 15000ms ao conectar com webservice da SEFAZ. Alternando para contingência offline. [Cliente CUST130 - Distribuidora Cassiano Me]
2026-02-12 22:18:22,ERROR,vendefacil-pdv,pdv,CUST257,NFCe_SEFAZ_TIMEOUT,PDV-500,Timeout de 15000ms ao conectar com webservice da SEFAZ. Alternando para contingência offline. [Cliente CUST257 - Empório Rezende Comercial]
2026-02-13 07:06:06,WARN,vendefacil-pdv,pdv,CUST206,PRINTER_OFFLINE,PDV-202,Impressora de cupons offline na porta USB001. Tentando reconexão... [Cliente CUST206 - Centro de Casa Grande Ltda]
2026-02-13 10:25:16,ERROR,vendefacil-estoque-sync,estoque,CUST015,SYNC_FAILED,STK-409,Conflito de versão na tabela de inventário entre filiais durante sync. [Cliente CUST015 - Atacado Cassiano Ltda]
2026-02-13 11:31:18,WARN,vendefacil-estoque-sync,estoque,CUST029,LOCK_WAIT,STK-301,Aguardando liberação de lock na tabela `inventory_stock`... [Cliente CUST029 - Centro de Fonseca Ltda]
2026-02-13 13:50:04,WARN,vendefacil-pay,pay,CUST097,PINPAD_DISCONNECTED,PAY-302,Pinpad desconectado da porta serial COM3. Reiniciando driver local. [Cliente CUST097 - Empório Novaes S.A.]
2026-02-13 16:13:39,ERROR,vendefacil-pdv,pdv,CUST049,NFCe_SEFAZ_TIMEOUT,PDV-500,Timeout de 15000ms ao conectar com webservice da SEFAZ. Alternando para contingência offline. [Cliente CUST049 - Distribuidora da Cruz Ltda]
2026-02-13 19:54:03,WARN,vendefacil-estoque-sync,estoque,CUST193,LOCK_WAIT,STK-301,Aguardando liberação de lock na tabela `inventory_stock`... [Cliente CUST193 - Comércio de Moreira Me]
2026-02-13 21:41:35,WARN,vendefacil-notifier,analytics,CUST283,SMTP_AUTH_ERROR,NOTIF-401,Falha de autenticação no servidor SMTP corporativo ao enviar relatório agendado. [Cliente CUST283 - Centro de Moreira Me]
2026-02-13 23:57:11,WARN,vendefacil-estoque-sync,estoque,CUST070,LOCK_WAIT,STK-301,Aguardando liberação de lock na tabela `inventory_stock`... [Cliente CUST070 - Rede Pires Comercial]
2026-02-14 00:59:30,WARN,vendefacil-notifier,analytics,CUST297,SMTP_AUTH_ERROR,NOTIF-401,Falha de autenticação no servidor SMTP corporativo ao enviar relatório agendado. [Cliente CUST297 - Casa do Garcia S.A.]
2026-02-14 01:46:53,ERROR,vendefacil-nfe-parser,estoque,CUST106,XML_PARSE_TIMEOUT,XML-500,Erro ao processar arquivo XML de NF-e: estouro de memória ou estrutura inválida. [Cliente CUST106 - Mercado da Rosa Comercial]
2026-02-14 04:02:20,WARN,vendefacil-pay,pay,CUST238,PINPAD_DISCONNECTED,PAY-302,Pinpad desconectado da porta serial COM3. Reiniciando driver local. [Cliente CUST238 - Rede da Rosa Ltda]
2026-02-14 08:47:15,ERROR,vendefacil-nfe-parser,estoque,CUST140,XML_PARSE_TIMEOUT,XML-500,Erro ao processar arquivo XML de NF-e: estouro de memória ou estrutura inválida. [Cliente CUST140 - Atacado da Rocha Ltda]
2026-02-14 10:04:12,ERROR,vendefacil-pay,pay,CUST008,TEF_TIMEOUT,PAY-504,Timeout waiting response from Pinpad IP 192.168.1.105 on port 6090. Transaction aborted by local agent.
2026-02-14 10:04:15,WARN,vendefacil-pay,pay,CUST008,TEF_RETRY_FAILED,PAY-502,Retry 1/3 failed. Connection refused by Windows Firewall host AutoPecas-Caixa01.
2026-02-14 12:57:32,ERROR,vendefacil-estoque-sync,estoque,CUST166,SYNC_FAILED,STK-409,Conflito de versão na tabela de inventário entre filiais durante sync. [Cliente CUST166 - Mercado Rodrigues S.A.]
2026-02-14 17:56:51,WARN,vendefacil-pdv,pdv,CUST046,PRINTER_OFFLINE,PDV-202,Impressora de cupons offline na porta USB001. Tentando reconexão... [Cliente CUST046 - Comércio de Ribeiro Eireli]
2026-02-14 22:40:00,WARN,vendefacil-notifier,analytics,CUST041,SMTP_AUTH_ERROR,NOTIF-401,Falha de autenticação no servidor SMTP corporativo ao enviar relatório agendado. [Cliente CUST041 - Distribuidora Cavalcante S.A.]
2026-02-15 02:23:12,ERROR,vendefacil-estoque-sync,estoque,CUST015,SYNC_FAILED,STK-409,Conflito de versão na tabela de inventário entre filiais durante sync. [Cliente CUST015 - Atacado Cassiano Ltda]
2026-02-15 02:52:51,WARN,vendefacil-notifier,analytics,CUST206,SMTP_AUTH_ERROR,NOTIF-401,Falha de autenticação no servidor SMTP corporativo ao enviar relatório agendado. [Cliente CUST206 - Centro de Casa Grande Ltda]
2026-02-15 07:29:33,WARN,vendefacil-pdv,pdv,CUST248,PRINTER_OFFLINE,PDV-202,Impressora de cupons offline na porta USB001. Tentando reconexão... [Cliente CUST248 - Distribuidora Pacheco Eireli]
2026-02-15 08:46:00,WARN,vendefacil-notifier,estoque,CUST009,SMTP_AUTH_ERROR,NOTIF-401,Failed to send alert email for product SKU-7721 (Queijo Canastra). SMTP server auth rejected credentials for notifications@vendefacil.com.br.
2026-02-15 08:56:24,WARN,vendefacil-pdv,pdv,CUST224,PRINTER_OFFLINE,PDV-202,Impressora de cupons offline na porta USB001. Tentando reconexão... [Cliente CUST224 - Empório Moraes Ltda]
2026-02-15 13:22:57,WARN,vendefacil-pay,pay,CUST295,PINPAD_DISCONNECTED,PAY-302,Pinpad desconectado da porta serial COM3. Reiniciando driver local. [Cliente CUST295 - Empório da Rosa S.A.]
2026-02-15 14:40:46,ERROR,vendefacil-nfe-parser,estoque,CUST164,XML_PARSE_TIMEOUT,XML-500,Erro ao processar arquivo XML de NF-e: estouro de memória ou estrutura inválida. [Cliente CUST164 - Rede Camargo Ltda]
2026-02-15 16:38:46,ERROR,vendefacil-fiscal-sefaz,pdv,CUST126,SEFAZ_REJECTION,SEFAZ-539,Rejeição da SEFAZ estadual: Duplicidade de numeração de NFC-e transmitida. [Cliente CUST126 - Casa do Machado Ltda]
2026-02-15 22:55:05,ERROR,vendefacil-pdv,pdv,CUST080,NFCe_SEFAZ_TIMEOUT,PDV-500,Timeout de 15000ms ao conectar com webservice da SEFAZ. Alternando para contingência offline. [Cliente CUST080 - Centro de Gomes Ltda]
2026-02-16 01:56:29,WARN,vendefacil-pay,pay,CUST140,PINPAD_DISCONNECTED,PAY-302,Pinpad desconectado da porta serial COM3. Reiniciando driver local. [Cliente CUST140 - Atacado da Rocha Ltda]
2026-02-16 09:56:24,ERROR,vendefacil-nfe-parser,estoque,CUST171,XML_PARSE_TIMEOUT,XML-500,Erro ao processar arquivo XML de NF-e: estouro de memória ou estrutura inválida. [Cliente CUST171 - Rede Novais Eireli]
2026-02-16 14:43:49,INFO,vendefacil-estoque-sync,estoque,CUST143,SYNC_COMPLETED,STK-200,Sincronização de estoque concluída para 450 SKUs em 1240ms. [Cliente CUST143 - Mercado Cardoso Eireli]
2026-02-16 15:10:03,ERROR,vendefacil-pdv,pdv,CUST081,NFCe_SEFAZ_TIMEOUT,PDV-500,Timeout de 15000ms ao conectar com webservice da SEFAZ. Alternando para contingência offline. [Cliente CUST081 - Distribuidora Pastor Eireli]
2026-02-16 16:43:00,INFO,vendefacil-estoque-sync,estoque,CUST262,SYNC_COMPLETED,STK-200,Sincronização de estoque concluída para 450 SKUs em 1240ms. [Cliente CUST262 - Mundo da da Cruz Comercial]
2026-02-16 16:43:31,ERROR,vendefacil-nfe-parser,estoque,CUST034,XML_PARSE_TIMEOUT,XML-500,Erro ao processar arquivo XML de NF-e: estouro de memória ou estrutura inválida. [Cliente CUST034 - Rede Pires Comercial]
2026-02-16 20:36:56,INFO,vendefacil-pdv,pdv,CUST069,CAIXA_OPENED,PDV-101,Caixa terminal 01 aberto com sucesso pelo operador. [Cliente CUST069 - Rede Casa Grande Comercial]
2026-02-16 22:46:16,WARN,vendefacil-pdv,pdv,CUST237,PRINTER_OFFLINE,PDV-202,Impressora de cupons offline na porta USB001. Tentando reconexão... [Cliente CUST237 - Casa do da Paz Ltda]
2026-02-17 02:12:41,WARN,vendefacil-pdv,pdv,CUST086,PRINTER_OFFLINE,PDV-202,Impressora de cupons offline na porta USB001. Tentando reconexão... [Cliente CUST086 - Mundo da Pereira S.A.]
2026-02-17 04:21:49,ERROR,vendefacil-fiscal-sefaz,pdv,CUST234,SEFAZ_REJECTION,SEFAZ-539,Rejeição da SEFAZ estadual: Duplicidade de numeração de NFC-e transmitida. [Cliente CUST234 - Rede Dias Eireli]
2026-02-17 12:21:26,WARN,vendefacil-estoque-sync,estoque,CUST212,LOCK_WAIT,STK-301,Aguardando liberação de lock na tabela `inventory_stock`... [Cliente CUST212 - Casa do Moraes S.A.]
2026-02-17 16:18:35,WARN,vendefacil-pdv,pdv,CUST266,PRINTER_OFFLINE,PDV-202,Impressora de cupons offline na porta USB001. Tentando reconexão... [Cliente CUST266 - Centro de Nascimento Me]
2026-02-17 22:25:43,ERROR,vendefacil-estoque-sync,estoque,CUST131,SYNC_FAILED,STK-409,Conflito de versão na tabela de inventário entre filiais durante sync. [Cliente CUST131 - Atacado Rocha Comercial]
2026-02-17 22:43:06,INFO,vendefacil-estoque-sync,estoque,CUST253,SYNC_COMPLETED,STK-200,Sincronização de estoque concluída para 450 SKUs em 1240ms. [Cliente CUST253 - Empório Moraes Comercial]
2026-02-18 03:23:47,INFO,vendefacil-estoque-sync,estoque,CUST271,SYNC_COMPLETED,STK-200,Sincronização de estoque concluída para 450 SKUs em 1240ms. [Cliente CUST271 - Casa do Viana Ltda]
2026-02-18 04:34:54,INFO,vendefacil-estoque-sync,estoque,CUST204,SYNC_COMPLETED,STK-200,Sincronização de estoque concluída para 450 SKUs em 1240ms. [Cliente CUST204 - Empório Costa Me]
2026-02-18 07:22:37,INFO,vendefacil-pdv,pdv,CUST044,CAIXA_OPENED,PDV-101,Caixa terminal 01 aberto com sucesso pelo operador. [Cliente CUST044 - Rede Moura Comercial]
2026-02-18 09:59:13,WARN,vendefacil-pay,pay,CUST212,PINPAD_DISCONNECTED,PAY-302,Pinpad desconectado da porta serial COM3. Reiniciando driver local. [Cliente CUST212 - Casa do Moraes S.A.]
2026-02-18 10:24:24,ERROR,vendefacil-estoque-sync,estoque,CUST258,SYNC_FAILED,STK-409,Conflito de versão na tabela de inventário entre filiais durante sync. [Cliente CUST258 - Mundo da Rodrigues S.A.]
2026-02-18 10:33:01,ERROR,vendefacil-estoque-sync,estoque,CUST161,SYNC_FAILED,STK-409,Conflito de versão na tabela de inventário entre filiais durante sync. [Cliente CUST161 - Comércio de Guerra Ltda]
2026-02-18 12:43:45,WARN,vendefacil-notifier,analytics,CUST209,SMTP_AUTH_ERROR,NOTIF-401,Falha de autenticação no servidor SMTP corporativo ao enviar relatório agendado. [Cliente CUST209 - Rede Melo Eireli]
2026-02-18 14:02:12,INFO,vendefacil-pdv,pdv,CUST046,CAIXA_OPENED,PDV-101,Caixa terminal 01 aberto com sucesso pelo operador. [Cliente CUST046 - Comércio de Ribeiro Eireli]
2026-02-18 15:49:14,INFO,vendefacil-estoque-sync,estoque,CUST050,SYNC_COMPLETED,STK-200,Sincronização de estoque concluída para 450 SKUs em 1240ms. [Cliente CUST050 - Empório Novaes Ltda]
2026-02-18 17:04:02,WARN,vendefacil-estoque-sync,estoque,CUST032,LOCK_WAIT,STK-301,Aguardando liberação de lock na tabela `inventory_stock`... [Cliente CUST032 - Centro de Rios Comercial]
2026-02-18 17:16:48,ERROR,vendefacil-pay,pay,CUST133,TEF_TIMEOUT,PAY-504,Timeout de comunicação com Pinpad na porta 6090. Transação abortada. [Cliente CUST133 - Mundo da Santos S.A.]
2026-02-18 17:59:34,INFO,vendefacil-pdv,pdv,CUST036,CAIXA_OPENED,PDV-101,Caixa terminal 01 aberto com sucesso pelo operador. [Cliente CUST036 - Comércio de Viana Comercial]
2026-02-18 21:15:35,WARN,vendefacil-notifier,analytics,CUST066,SMTP_AUTH_ERROR,NOTIF-401,Falha de autenticação no servidor SMTP corporativo ao enviar relatório agendado. [Cliente CUST066 - Centro de Nunes S.A.]
2026-02-19 01:19:45,INFO,vendefacil-pay,pay,CUST232,TEF_APPROVED,PAY-200,"Transação TEF aprovada. Cartão final **** 4321, bandeira Mastercard. [Cliente CUST232 - Centro de Alves Me]"
2026-02-19 05:30:01,WARN,vendefacil-estoque-sync,estoque,CUST157,LOCK_WAIT,STK-301,Aguardando liberação de lock na tabela `inventory_stock`... [Cliente CUST157 - Comércio de Camargo Comercial]
2026-02-19 05:58:18,INFO,vendefacil-estoque-sync,estoque,CUST185,SYNC_COMPLETED,STK-200,Sincronização de estoque concluída para 450 SKUs em 1240ms. [Cliente CUST185 - Centro de Siqueira Me]
2026-02-19 12:53:14,ERROR,vendefacil-nfe-parser,estoque,CUST224,XML_PARSE_TIMEOUT,XML-500,Erro ao processar arquivo XML de NF-e: estouro de memória ou estrutura inválida. [Cliente CUST224 - Empório Moraes Ltda]
2026-02-20 08:56:09,ERROR,vendefacil-estoque-sync,estoque,CUST087,SYNC_FAILED,STK-409,Conflito de versão na tabela de inventário entre filiais durante sync. [Cliente CUST087 - Empório Oliveira Me]
2026-02-21 00:40:59,ERROR,vendefacil-pay,pay,CUST256,TEF_TIMEOUT,PAY-504,Timeout de comunicação com Pinpad na porta 6090. Transação abortada. [Cliente CUST256 - Atacado Freitas Eireli]
2026-02-21 08:44:04,ERROR,vendefacil-fiscal-sefaz,pdv,CUST039,SEFAZ_REJECTION,SEFAZ-539,Rejeição da SEFAZ estadual: Duplicidade de numeração de NFC-e transmitida. [Cliente CUST039 - Comércio de da Cruz S.A.]
2026-02-21 08:58:02,WARN,vendefacil-estoque-sync,estoque,CUST085,LOCK_WAIT,STK-301,Aguardando liberação de lock na tabela `inventory_stock`... [Cliente CUST085 - Rede Cardoso Comercial]
2026-02-21 08:59:16,WARN,vendefacil-estoque-sync,estoque,CUST045,LOCK_WAIT,STK-301,Aguardando liberação de lock na tabela `inventory_stock`... [Cliente CUST045 - Centro de da Costa S.A.]
2026-02-21 12:40:16,ERROR,vendefacil-pay,pay,CUST136,TEF_TIMEOUT,PAY-504,Timeout de comunicação com Pinpad na porta 6090. Transação abortada. [Cliente CUST136 - Lojas Rodrigues Ltda]
2026-02-21 14:26:05,WARN,vendefacil-pdv,pdv,CUST284,PRINTER_OFFLINE,PDV-202,Impressora de cupons offline na porta USB001. Tentando reconexão... [Cliente CUST284 - Centro de Machado S.A.]
2026-02-21 15:55:07,ERROR,vendefacil-nfe-parser,estoque,CUST094,XML_PARSE_TIMEOUT,XML-500,Erro ao processar arquivo XML de NF-e: estouro de memória ou estrutura inválida. [Cliente CUST094 - Empório da Mota Ltda]
2026-02-21 19:38:49,INFO,vendefacil-pay,pay,CUST147,TEF_APPROVED,PAY-200,"Transação TEF aprovada. Cartão final **** 4321, bandeira Mastercard. [Cliente CUST147 - Mercado Rocha Comercial]"
2026-02-21 20:41:28,INFO,vendefacil-estoque-sync,estoque,CUST197,SYNC_COMPLETED,STK-200,Sincronização de estoque concluída para 450 SKUs em 1240ms. [Cliente CUST197 - Casa do Rios Ltda]
2026-02-22 04:07:50,INFO,vendefacil-estoque-sync,estoque,CUST026,SYNC_COMPLETED,STK-200,Sincronização de estoque concluída para 450 SKUs em 1240ms. [Cliente CUST026 - Mercado Fernandes Ltda]
2026-02-22 17:20:21,ERROR,vendefacil-fiscal-sefaz,pdv,CUST153,SEFAZ_REJECTION,SEFAZ-539,Rejeição da SEFAZ estadual: Duplicidade de numeração de NFC-e transmitida. [Cliente CUST153 - Atacado Freitas Comercial]
2026-02-22 20:40:23,ERROR,vendefacil-pay,pay,CUST127,TEF_TIMEOUT,PAY-504,Timeout de comunicação com Pinpad na porta 6090. Transação abortada. [Cliente CUST127 - Mundo da Duarte Ltda]
2026-02-23 01:10:05,WARN,vendefacil-estoque-sync,estoque,CUST039,LOCK_WAIT,STK-301,Aguardando liberação de lock na tabela `inventory_stock`... [Cliente CUST039 - Comércio de da Cruz S.A.]
2026-02-23 04:20:47,ERROR,vendefacil-estoque-sync,estoque,CUST084,SYNC_FAILED,STK-409,Conflito de versão na tabela de inventário entre filiais durante sync. [Cliente CUST084 - Mundo da Câmara Me]
2026-02-23 06:05:33,WARN,vendefacil-notifier,analytics,CUST071,SMTP_AUTH_ERROR,NOTIF-401,Falha de autenticação no servidor SMTP corporativo ao enviar relatório agendado. [Cliente CUST071 - Casa do Sales S.A.]
2026-02-23 16:45:18,INFO,vendefacil-estoque-sync,estoque,CUST040,SYNC_COMPLETED,STK-200,Sincronização de estoque concluída para 450 SKUs em 1240ms. [Cliente CUST040 - Distribuidora Sá Eireli]
2026-02-23 17:20:27,INFO,vendefacil-estoque-sync,estoque,CUST242,SYNC_COMPLETED,STK-200,Sincronização de estoque concluída para 450 SKUs em 1240ms. [Cliente CUST242 - Casa do Barbosa S.A.]
2026-02-23 21:31:14,ERROR,vendefacil-fiscal-sefaz,pdv,CUST106,SEFAZ_REJECTION,SEFAZ-539,Rejeição da SEFAZ estadual: Duplicidade de numeração de NFC-e transmitida. [Cliente CUST106 - Mercado da Rosa Comercial]
2026-02-24 04:03:07,WARN,vendefacil-pay,pay,CUST085,PINPAD_DISCONNECTED,PAY-302,Pinpad desconectado da porta serial COM3. Reiniciando driver local. [Cliente CUST085 - Rede Cardoso Comercial]
2026-02-24 17:36:30,WARN,vendefacil-estoque-sync,estoque,CUST300,LOCK_WAIT,STK-301,Aguardando liberação de lock na tabela `inventory_stock`... [Cliente CUST300 - Lojas da Mata Me]
2026-02-24 18:16:53,WARN,vendefacil-estoque-sync,estoque,CUST269,LOCK_WAIT,STK-301,Aguardando liberação de lock na tabela `inventory_stock`... [Cliente CUST269 - Centro de Rezende S.A.]
2026-02-25 04:06:18,WARN,vendefacil-pay,pay,CUST020,PINPAD_DISCONNECTED,PAY-302,Pinpad desconectado da porta serial COM3. Reiniciando driver local. [Cliente CUST020 - Atacado Martins Comercial]
2026-02-25 07:43:53,WARN,vendefacil-estoque-sync,estoque,CUST118,LOCK_WAIT,STK-301,Aguardando liberação de lock na tabela `inventory_stock`... [Cliente CUST118 - Casa do Vargas Eireli]
2026-02-25 09:00:42,WARN,vendefacil-pdv,pdv,CUST176,PRINTER_OFFLINE,PDV-202,Impressora de cupons offline na porta USB001. Tentando reconexão... [Cliente CUST176 - Mundo da Cunha Ltda]
2026-02-25 17:58:44,ERROR,vendefacil-nfe-parser,estoque,CUST105,XML_PARSE_TIMEOUT,XML-500,Erro ao processar arquivo XML de NF-e: estouro de memória ou estrutura inválida. [Cliente CUST105 - Centro de Campos Comercial]
2026-02-25 20:36:26,ERROR,vendefacil-nfe-parser,estoque,CUST125,XML_PARSE_TIMEOUT,XML-500,Erro ao processar arquivo XML de NF-e: estouro de memória ou estrutura inválida. [Cliente CUST125 - Casa do Viana Eireli]
2026-02-26 04:44:14,WARN,vendefacil-pdv,pdv,CUST182,PRINTER_OFFLINE,PDV-202,Impressora de cupons offline na porta USB001. Tentando reconexão... [Cliente CUST182 - Empório Marques Comercial]
2026-02-26 10:32:47,WARN,vendefacil-pdv,pdv,CUST180,PRINTER_OFFLINE,PDV-202,Impressora de cupons offline na porta USB001. Tentando reconexão... [Cliente CUST180 - Rede Gonçalves Eireli]
2026-02-26 13:09:18,WARN,vendefacil-estoque-sync,estoque,CUST177,LOCK_WAIT,STK-301,Aguardando liberação de lock na tabela `inventory_stock`... [Cliente CUST177 - Lojas Rios Eireli]
2026-02-26 20:35:11,WARN,vendefacil-pay,pay,CUST216,PINPAD_DISCONNECTED,PAY-302,Pinpad desconectado da porta serial COM3. Reiniciando driver local. [Cliente CUST216 - Casa do Cavalcanti Me]
2026-02-27 10:51:21,ERROR,vendefacil-pay,pay,CUST044,TEF_TIMEOUT,PAY-504,Timeout de comunicação com Pinpad na porta 6090. Transação abortada. [Cliente CUST044 - Rede Moura Comercial]
2026-02-27 12:48:09,INFO,vendefacil-pay,pay,CUST235,TEF_APPROVED,PAY-200,"Transação TEF aprovada. Cartão final **** 4321, bandeira Mastercard. [Cliente CUST235 - Empório Porto Comercial]"
2026-02-27 17:59:40,WARN,vendefacil-pdv,pdv,CUST282,PRINTER_OFFLINE,PDV-202,Impressora de cupons offline na porta USB001. Tentando reconexão... [Cliente CUST282 - Casa do Camargo Me]
2026-02-28 13:54:29,ERROR,vendefacil-fiscal-sefaz,pdv,CUST154,SEFAZ_REJECTION,SEFAZ-539,Rejeição da SEFAZ estadual: Duplicidade de numeração de NFC-e transmitida. [Cliente CUST154 - Mundo da Borges Me]
2026-02-28 16:20:34,ERROR,vendefacil-nfe-parser,estoque,CUST179,XML_PARSE_TIMEOUT,XML-500,Erro ao processar arquivo XML de NF-e: estouro de memória ou estrutura inválida. [Cliente CUST179 - Lojas Souza Me]
2026-02-28 18:19:16,ERROR,vendefacil-estoque-sync,estoque,CUST112,SYNC_FAILED,STK-409,Conflito de versão na tabela de inventário entre filiais durante sync. [Cliente CUST112 - Comércio de Montenegro S.A.]
2026-03-01 05:20:12,INFO,vendefacil-pay,pay,CUST232,TEF_APPROVED,PAY-200,"Transação TEF aprovada. Cartão final **** 4321, bandeira Mastercard. [Cliente CUST232 - Centro de Alves Me]"
2026-03-01 19:33:22,ERROR,vendefacil-pay,pay,CUST242,TEF_TIMEOUT,PAY-504,Timeout de comunicação com Pinpad na porta 6090. Transação abortada. [Cliente CUST242 - Casa do Barbosa S.A.]
2026-03-01 22:39:00,WARN,vendefacil-notifier,analytics,CUST008,SMTP_AUTH_ERROR,NOTIF-401,Falha de autenticação no servidor SMTP corporativo ao enviar relatório agendado. [Cliente CUST008 - Auto Peças Central]
2026-03-01 23:55:48,INFO,vendefacil-pdv,pdv,CUST038,CAIXA_OPENED,PDV-101,Caixa terminal 01 aberto com sucesso pelo operador. [Cliente CUST038 - Mercado Correia Ltda]
2026-03-02 02:18:35,ERROR,vendefacil-pay,pay,CUST210,TEF_TIMEOUT,PAY-504,Timeout de comunicação com Pinpad na porta 6090. Transação abortada. [Cliente CUST210 - Lojas Cunha Eireli]
2026-03-02 07:25:14,ERROR,vendefacil-nfe-parser,estoque,CUST090,XML_PARSE_TIMEOUT,XML-500,Erro ao processar arquivo XML de NF-e: estouro de memória ou estrutura inválida. [Cliente CUST090 - Distribuidora Porto Comercial]
2026-03-02 08:23:37,ERROR,vendefacil-pay,pay,CUST219,TEF_TIMEOUT,PAY-504,Timeout de comunicação com Pinpad na porta 6090. Transação abortada. [Cliente CUST219 - Casa do Campos Eireli]
2026-03-02 16:13:02,ERROR,vendefacil-fiscal-sefaz,pdv,CUST171,SEFAZ_REJECTION,SEFAZ-539,Rejeição da SEFAZ estadual: Duplicidade de numeração de NFC-e transmitida. [Cliente CUST171 - Rede Novais Eireli]
2026-03-03 07:49:21,ERROR,vendefacil-nfe-parser,estoque,CUST127,XML_PARSE_TIMEOUT,XML-500,Erro ao processar arquivo XML de NF-e: estouro de memória ou estrutura inválida. [Cliente CUST127 - Mundo da Duarte Ltda]
2026-03-03 16:13:47,WARN,vendefacil-notifier,analytics,CUST017,SMTP_AUTH_ERROR,NOTIF-401,Falha de autenticação no servidor SMTP corporativo ao enviar relatório agendado. [Cliente CUST017 - Comércio de da Rocha Me]
2026-03-03 18:14:45,ERROR,vendefacil-nfe-parser,estoque,CUST181,XML_PARSE_TIMEOUT,XML-500,Erro ao processar arquivo XML de NF-e: estouro de memória ou estrutura inválida. [Cliente CUST181 - Centro de Guerra S.A.]
2026-03-04 00:38:17,WARN,vendefacil-pdv,pdv,CUST298,PRINTER_OFFLINE,PDV-202,Impressora de cupons offline na porta USB001. Tentando reconexão... [Cliente CUST298 - Centro de Araújo S.A.]
2026-03-04 00:40:44,ERROR,vendefacil-pay,pay,CUST117,TEF_TIMEOUT,PAY-504,Timeout de comunicação com Pinpad na porta 6090. Transação abortada. [Cliente CUST117 - Casa do Guerra Ltda]
2026-03-04 03:11:49,WARN,vendefacil-pay,pay,CUST274,PINPAD_DISCONNECTED,PAY-302,Pinpad desconectado da porta serial COM3. Reiniciando driver local. [Cliente CUST274 - Lojas Fernandes S.A.]
2026-03-04 04:58:39,ERROR,vendefacil-estoque-sync,estoque,CUST107,SYNC_FAILED,STK-409,Conflito de versão na tabela de inventário entre filiais durante sync. [Cliente CUST107 - Lojas Pires Eireli]
2026-03-04 06:49:57,ERROR,vendefacil-fiscal-sefaz,pdv,CUST291,SEFAZ_REJECTION,SEFAZ-539,Rejeição da SEFAZ estadual: Duplicidade de numeração de NFC-e transmitida. [Cliente CUST291 - Casa do Teixeira Me]
2026-03-04 15:53:39,WARN,vendefacil-pdv,pdv,CUST070,PRINTER_OFFLINE,PDV-202,Impressora de cupons offline na porta USB001. Tentando reconexão... [Cliente CUST070 - Rede Pires Comercial]
2026-03-05 14:22:45,INFO,vendefacil-pdv,pdv,CUST287,CAIXA_OPENED,PDV-101,Caixa terminal 01 aberto com sucesso pelo operador. [Cliente CUST287 - Rede Cirino S.A.]
2026-03-05 18:25:43,INFO,vendefacil-pdv,pdv,CUST122,CAIXA_OPENED,PDV-101,Caixa terminal 01 aberto com sucesso pelo operador. [Cliente CUST122 - Lojas Câmara Me]
2026-03-05 18:28:52,ERROR,vendefacil-estoque-sync,estoque,CUST202,SYNC_FAILED,STK-409,Conflito de versão na tabela de inventário entre filiais durante sync. [Cliente CUST202 - Empório da Paz Comercial]
2026-03-05 19:11:49,WARN,vendefacil-pay,pay,CUST236,PINPAD_DISCONNECTED,PAY-302,Pinpad desconectado da porta serial COM3. Reiniciando driver local. [Cliente CUST236 - Empório Cassiano Comercial]
2026-03-05 23:36:30,ERROR,vendefacil-nfe-parser,estoque,CUST097,XML_PARSE_TIMEOUT,XML-500,Erro ao processar arquivo XML de NF-e: estouro de memória ou estrutura inválida. [Cliente CUST097 - Empório Novaes S.A.]
2026-03-06 12:57:51,WARN,vendefacil-pdv,pdv,CUST032,PRINTER_OFFLINE,PDV-202,Impressora de cupons offline na porta USB001. Tentando reconexão... [Cliente CUST032 - Centro de Rios Comercial]
2026-03-06 13:02:03,INFO,vendefacil-pdv,pdv,CUST115,CAIXA_OPENED,PDV-101,Caixa terminal 01 aberto com sucesso pelo operador. [Cliente CUST115 - Comércio de Pacheco Eireli]
2026-03-06 15:50:30,ERROR,vendefacil-pay,pay,CUST206,TEF_TIMEOUT,PAY-504,Timeout de comunicação com Pinpad na porta 6090. Transação abortada. [Cliente CUST206 - Centro de Casa Grande Ltda]
2026-03-06 15:57:55,WARN,vendefacil-notifier,analytics,CUST159,SMTP_AUTH_ERROR,NOTIF-401,Falha de autenticação no servidor SMTP corporativo ao enviar relatório agendado. [Cliente CUST159 - Mundo da Azevedo Me]
2026-03-06 18:44:15,WARN,vendefacil-pdv,pdv,CUST118,PRINTER_OFFLINE,PDV-202,Impressora de cupons offline na porta USB001. Tentando reconexão... [Cliente CUST118 - Casa do Vargas Eireli]
2026-03-07 09:51:21,INFO,vendefacil-pdv,pdv,CUST145,CAIXA_OPENED,PDV-101,Caixa terminal 01 aberto com sucesso pelo operador. [Cliente CUST145 - Mundo da Souza Eireli]
2026-03-07 11:29:04,WARN,vendefacil-pdv,pdv,CUST034,PRINTER_OFFLINE,PDV-202,Impressora de cupons offline na porta USB001. Tentando reconexão... [Cliente CUST034 - Rede Pires Comercial]
2026-03-07 14:31:47,WARN,vendefacil-notifier,analytics,CUST104,SMTP_AUTH_ERROR,NOTIF-401,Falha de autenticação no servidor SMTP corporativo ao enviar relatório agendado. [Cliente CUST104 - Centro de Mendonça S.A.]
2026-03-07 17:29:09,ERROR,vendefacil-fiscal-sefaz,pdv,CUST093,SEFAZ_REJECTION,SEFAZ-539,Rejeição da SEFAZ estadual: Duplicidade de numeração de NFC-e transmitida. [Cliente CUST093 - Distribuidora Alves Me]
2026-03-07 17:36:20,ERROR,vendefacil-estoque-sync,estoque,CUST202,SYNC_FAILED,STK-409,Conflito de versão na tabela de inventário entre filiais durante sync. [Cliente CUST202 - Empório da Paz Comercial]
2026-03-07 21:55:36,ERROR,vendefacil-fiscal-sefaz,pdv,CUST112,SEFAZ_REJECTION,SEFAZ-539,Rejeição da SEFAZ estadual: Duplicidade de numeração de NFC-e transmitida. [Cliente CUST112 - Comércio de Montenegro S.A.]
2026-03-07 23:39:36,INFO,vendefacil-pay,pay,CUST253,TEF_APPROVED,PAY-200,"Transação TEF aprovada. Cartão final **** 4321, bandeira Mastercard. [Cliente CUST253 - Empório Moraes Comercial]"
2026-03-08 04:43:05,WARN,vendefacil-pay,pay,CUST214,PINPAD_DISCONNECTED,PAY-302,Pinpad desconectado da porta serial COM3. Reiniciando driver local. [Cliente CUST214 - Casa do Melo Me]
2026-03-08 08:04:01,INFO,vendefacil-estoque-sync,estoque,CUST072,SYNC_COMPLETED,STK-200,Sincronização de estoque concluída para 450 SKUs em 1240ms. [Cliente CUST072 - Distribuidora Novais S.A.]
2026-03-08 11:49:45,INFO,vendefacil-pdv,pdv,CUST064,CAIXA_OPENED,PDV-101,Caixa terminal 01 aberto com sucesso pelo operador. [Cliente CUST064 - Mercado Campos Ltda]
2026-03-08 13:41:09,WARN,vendefacil-estoque-sync,estoque,CUST289,LOCK_WAIT,STK-301,Aguardando liberação de lock na tabela `inventory_stock`... [Cliente CUST289 - Rede Cardoso Comercial]
2026-03-08 13:57:31,WARN,vendefacil-pdv,pdv,CUST248,PRINTER_OFFLINE,PDV-202,Impressora de cupons offline na porta USB001. Tentando reconexão... [Cliente CUST248 - Distribuidora Pacheco Eireli]
2026-03-08 17:40:28,ERROR,vendefacil-nfe-parser,estoque,CUST091,XML_PARSE_TIMEOUT,XML-500,Erro ao processar arquivo XML de NF-e: estouro de memória ou estrutura inválida. [Cliente CUST091 - Rede Nascimento Ltda]
2026-03-08 21:34:06,INFO,vendefacil-estoque-sync,estoque,CUST131,SYNC_COMPLETED,STK-200,Sincronização de estoque concluída para 450 SKUs em 1240ms. [Cliente CUST131 - Atacado Rocha Comercial]
2026-03-08 23:08:55,ERROR,vendefacil-estoque-sync,estoque,CUST204,SYNC_FAILED,STK-409,Conflito de versão na tabela de inventário entre filiais durante sync. [Cliente CUST204 - Empório Costa Me]
2026-03-09 00:25:32,WARN,vendefacil-notifier,analytics,CUST003,SMTP_AUTH_ERROR,NOTIF-401,Falha de autenticação no servidor SMTP corporativo ao enviar relatório agendado. [Cliente CUST003 - Padaria Pão Quentinho]
2026-03-09 10:50:09,ERROR,vendefacil-estoque-sync,estoque,CUST114,SYNC_FAILED,STK-409,Conflito de versão na tabela de inventário entre filiais durante sync. [Cliente CUST114 - Casa do da Mata Ltda]
2026-03-09 12:23:32,WARN,vendefacil-notifier,analytics,CUST267,SMTP_AUTH_ERROR,NOTIF-401,Falha de autenticação no servidor SMTP corporativo ao enviar relatório agendado. [Cliente CUST267 - Empório Aragão Comercial]
2026-03-09 13:21:15,ERROR,vendefacil-nfe-parser,estoque,CUST170,XML_PARSE_TIMEOUT,XML-500,Erro ao processar arquivo XML de NF-e: estouro de memória ou estrutura inválida. [Cliente CUST170 - Lojas Ferreira Me]
2026-03-09 17:21:38,ERROR,vendefacil-estoque-sync,estoque,CUST241,SYNC_FAILED,STK-409,Conflito de versão na tabela de inventário entre filiais durante sync. [Cliente CUST241 - Atacado Pires Me]
2026-03-10 00:29:12,ERROR,vendefacil-fiscal-sefaz,pdv,CUST174,SEFAZ_REJECTION,SEFAZ-539,Rejeição da SEFAZ estadual: Duplicidade de numeração de NFC-e transmitida. [Cliente CUST174 - Casa do Freitas Ltda]
2026-03-10 08:21:56,INFO,vendefacil-pdv,pdv,CUST129,CAIXA_OPENED,PDV-101,Caixa terminal 01 aberto com sucesso pelo operador. [Cliente CUST129 - Centro de Macedo S.A.]
2026-03-10 22:40:57,ERROR,vendefacil-estoque-sync,estoque,CUST068,SYNC_FAILED,STK-409,Conflito de versão na tabela de inventário entre filiais durante sync. [Cliente CUST068 - Centro de Cavalcante S.A.]
2026-03-11 02:50:36,WARN,vendefacil-estoque-sync,estoque,CUST053,LOCK_WAIT,STK-301,Aguardando liberação de lock na tabela `inventory_stock`... [Cliente CUST053 - Comércio de da Luz Me]
2026-03-11 07:25:53,INFO,vendefacil-pay,pay,CUST101,TEF_APPROVED,PAY-200,"Transação TEF aprovada. Cartão final **** 4321, bandeira Mastercard. [Cliente CUST101 - Casa do Cavalcanti Eireli]"
2026-03-11 11:18:32,WARN,vendefacil-pay,pay,CUST030,PINPAD_DISCONNECTED,PAY-302,Pinpad desconectado da porta serial COM3. Reiniciando driver local. [Cliente CUST030 - Atacado Mendonça S.A.]
2026-03-11 13:48:11,ERROR,vendefacil-estoque-sync,estoque,CUST186,SYNC_FAILED,STK-409,Conflito de versão na tabela de inventário entre filiais durante sync. [Cliente CUST186 - Comércio de Cassiano S.A.]
2026-03-11 16:47:45,ERROR,vendefacil-estoque-sync,estoque,CUST168,SYNC_FAILED,STK-409,Conflito de versão na tabela de inventário entre filiais durante sync. [Cliente CUST168 - Centro de Campos Me]
2026-03-11 18:53:06,ERROR,vendefacil-estoque-sync,estoque,CUST146,SYNC_FAILED,STK-409,Conflito de versão na tabela de inventário entre filiais durante sync. [Cliente CUST146 - Atacado Fonseca Ltda]
2026-03-12 10:38:46,ERROR,vendefacil-nfe-parser,estoque,CUST178,XML_PARSE_TIMEOUT,XML-500,Erro ao processar arquivo XML de NF-e: estouro de memória ou estrutura inválida. [Cliente CUST178 - Rede da Rosa S.A.]
2026-03-12 15:00:44,ERROR,vendefacil-pay,pay,CUST181,TEF_TIMEOUT,PAY-504,Timeout de comunicação com Pinpad na porta 6090. Transação abortada. [Cliente CUST181 - Centro de Guerra S.A.]
2026-03-12 23:43:45,ERROR,vendefacil-pay,pay,CUST025,TEF_TIMEOUT,PAY-504,Timeout de comunicação com Pinpad na porta 6090. Transação abortada. [Cliente CUST025 - Rede Garcia Ltda]
2026-03-13 05:57:47,WARN,vendefacil-pay,pay,CUST026,PINPAD_DISCONNECTED,PAY-302,Pinpad desconectado da porta serial COM3. Reiniciando driver local. [Cliente CUST026 - Mercado Fernandes Ltda]
2026-03-13 08:06:58,ERROR,vendefacil-pay,pay,CUST126,TEF_TIMEOUT,PAY-504,Timeout de comunicação com Pinpad na porta 6090. Transação abortada. [Cliente CUST126 - Casa do Machado Ltda]
2026-03-13 11:53:34,INFO,vendefacil-pay,pay,CUST216,TEF_APPROVED,PAY-200,"Transação TEF aprovada. Cartão final **** 4321, bandeira Mastercard. [Cliente CUST216 - Casa do Cavalcanti Me]"
2026-03-13 12:59:46,ERROR,vendefacil-pay,pay,CUST211,TEF_TIMEOUT,PAY-504,Timeout de comunicação com Pinpad na porta 6090. Transação abortada. [Cliente CUST211 - Rede Aragão Me]
2026-03-13 15:37:47,INFO,vendefacil-estoque-sync,estoque,CUST104,SYNC_COMPLETED,STK-200,Sincronização de estoque concluída para 450 SKUs em 1240ms. [Cliente CUST104 - Centro de Mendonça S.A.]
2026-03-13 20:00:59,WARN,vendefacil-notifier,analytics,CUST165,SMTP_AUTH_ERROR,NOTIF-401,Falha de autenticação no servidor SMTP corporativo ao enviar relatório agendado. [Cliente CUST165 - Mercado Guerra S.A.]
2026-03-13 20:40:30,WARN,vendefacil-estoque-sync,estoque,CUST167,LOCK_WAIT,STK-301,Aguardando liberação de lock na tabela `inventory_stock`... [Cliente CUST167 - Empório Souza Comercial]
2026-03-14 00:54:58,INFO,vendefacil-pay,pay,CUST240,TEF_APPROVED,PAY-200,"Transação TEF aprovada. Cartão final **** 4321, bandeira Mastercard. [Cliente CUST240 - Distribuidora Vargas Ltda]"
2026-03-14 02:49:04,WARN,vendefacil-estoque-sync,estoque,CUST123,LOCK_WAIT,STK-301,Aguardando liberação de lock na tabela `inventory_stock`... [Cliente CUST123 - Centro de Santos Ltda]
2026-03-14 07:27:23,WARN,vendefacil-estoque-sync,estoque,CUST106,LOCK_WAIT,STK-301,Aguardando liberação de lock na tabela `inventory_stock`... [Cliente CUST106 - Mercado da Rosa Comercial]
2026-03-14 11:07:17,ERROR,vendefacil-fiscal-sefaz,pdv,CUST064,SEFAZ_REJECTION,SEFAZ-539,Rejeição da SEFAZ estadual: Duplicidade de numeração de NFC-e transmitida. [Cliente CUST064 - Mercado Campos Ltda]
2026-03-14 13:52:39,WARN,vendefacil-pdv,pdv,CUST136,PRINTER_OFFLINE,PDV-202,Impressora de cupons offline na porta USB001. Tentando reconexão... [Cliente CUST136 - Lojas Rodrigues Ltda]
2026-03-14 14:35:12,WARN,vendefacil-notifier,analytics,CUST223,SMTP_AUTH_ERROR,NOTIF-401,Falha de autenticação no servidor SMTP corporativo ao enviar relatório agendado. [Cliente CUST223 - Empório Aparecida S.A.]
2026-03-14 17:37:22,ERROR,vendefacil-nfe-parser,estoque,CUST035,XML_PARSE_TIMEOUT,XML-500,Erro ao processar arquivo XML de NF-e: estouro de memória ou estrutura inválida. [Cliente CUST035 - Comércio de Rios Ltda]
2026-03-14 17:59:43,INFO,vendefacil-pdv,pdv,CUST052,CAIXA_OPENED,PDV-101,Caixa terminal 01 aberto com sucesso pelo operador. [Cliente CUST052 - Lojas Aragão Me]
2026-03-14 22:54:14,WARN,vendefacil-pdv,pdv,CUST047,PRINTER_OFFLINE,PDV-202,Impressora de cupons offline na porta USB001. Tentando reconexão... [Cliente CUST047 - Rede Gonçalves Comercial]
2026-03-15 01:17:29,INFO,vendefacil-pay,pay,CUST140,TEF_APPROVED,PAY-200,"Transação TEF aprovada. Cartão final **** 4321, bandeira Mastercard. [Cliente CUST140 - Atacado da Rocha Ltda]"
2026-03-15 03:49:58,INFO,vendefacil-pay,pay,CUST110,TEF_APPROVED,PAY-200,"Transação TEF aprovada. Cartão final **** 4321, bandeira Mastercard. [Cliente CUST110 - Mundo da Camargo Comercial]"
2026-03-15 16:03:47,WARN,vendefacil-pay,pay,CUST074,PINPAD_DISCONNECTED,PAY-302,Pinpad desconectado da porta serial COM3. Reiniciando driver local. [Cliente CUST074 - Mundo da Sá Eireli]
2026-03-15 23:48:14,ERROR,vendefacil-nfe-parser,estoque,CUST241,XML_PARSE_TIMEOUT,XML-500,Erro ao processar arquivo XML de NF-e: estouro de memória ou estrutura inválida. [Cliente CUST241 - Atacado Pires Me]
2026-03-16 01:35:32,WARN,vendefacil-pay,pay,CUST203,PINPAD_DISCONNECTED,PAY-302,Pinpad desconectado da porta serial COM3. Reiniciando driver local. [Cliente CUST203 - Atacado Oliveira Me]
2026-03-16 05:24:38,WARN,vendefacil-pay,pay,CUST178,PINPAD_DISCONNECTED,PAY-302,Pinpad desconectado da porta serial COM3. Reiniciando driver local. [Cliente CUST178 - Rede da Rosa S.A.]
2026-03-16 12:24:05,ERROR,vendefacil-pay,pay,CUST183,TEF_TIMEOUT,PAY-504,Timeout de comunicação com Pinpad na porta 6090. Transação abortada. [Cliente CUST183 - Distribuidora Guerra Me]
2026-03-16 13:37:26,WARN,vendefacil-pdv,pdv,CUST150,PRINTER_OFFLINE,PDV-202,Impressora de cupons offline na porta USB001. Tentando reconexão... [Cliente CUST150 - Mundo da da Costa S.A.]
2026-03-16 22:36:45,ERROR,vendefacil-estoque-sync,estoque,CUST003,SYNC_FAILED,STK-409,Conflito de versão na tabela de inventário entre filiais durante sync. [Cliente CUST003 - Padaria Pão Quentinho]
